Country,Zip Code,Industry Code,TIN,Stock Exchange ,CUSIP,Origination Date ,Maturity Date,Credit Facility Type ,Non-AccrualDate
SI,9261,6804,1020378166,NASDAQ,1017758,2025-03-24,2024-07-19,647,2024-05-03
FR,21040 CEDEX,83898,1001131852,NYSE,1106847,2025-03-11,2024-12-29,3101,2024-05-06
CN,,0,1045653612,NASDAQ,1070594,2024-08-05,2025-01-12,1427,2024-06-02
TH,41380,68027,1028660934,NYSE,1106993,2024-04-06,2024-11-28,1759,2024-04-22
PH,9510,3,1088027175,NYSE,1052702,2024-08-11,2024-07-06,4333,2025-01-03
ID,,3,1015550940,NASDAQ,1074989,2025-01-24,2024-06-12,4983,2024-08-07
AD,AD600,89980,1056929062,NASDAQ,1098996,2024-06-09,2024-05-18,4204,2024-12-26
CU,,905,1007845700,NASDAQ,1084734,2024-09-20,2025-03-11,2119,2024-06-01
ID,,66,1062331168,NYSE,1000371,2024-08-27,2024-05-24,2336,2024-11-18
CD,,454,1029339907,NASDAQ,1081802,2024-04-10,2024-05-21,437,2024-08-23
BR,38280-000,854,1108162756,NYSE,1065593,2024-11-01,2025-02-11,2959,2024-05-13
CN,,06765,1032334533,NYSE,1042441,2024-12-22,2024-09-06,452,2024-12-11
FR,35435 CEDEX,62220,1040824099,NASDAQ,1077807,2024-05-12,2024-09-04,4053,2024-09-28
MT,ZTN,8749,1016609938,NASDAQ,1085859,2024-07-14,2024-08-21,3144,2024-08-12
LU,L-6948,1322,1014149876,NASDAQ,1087815,2024-06-12,2024-07-29,4285,2024-12-06
VN,,03,1072956002,NYSE,1049939,2024-05-18,2024-05-16,3245,2025-01-30
CN,,38419,1097059525,NASDAQ,1041106,2024-04-09,2024-08-10,1122,2025-02-12
CN,,89856,1007452674,NYSE,1102253,2024-12-27,2025-02-24,3035,2024-09-08
ZA,1497,73,1054071431,NYSE,1074748,2024-10-01,2025-02-12,105,2025-01-02
BD,1938,04,1108332436,NYSE,1093956,2024-11-16,2024-05-24,572,2024-08-15
HU,6718,31,1087643306,NASDAQ,1098038,2024-07-31,2024-07-07,776,2024-04-21
CO,763547,056,1079054103,NASDAQ,1068872,2024-12-02,2024-04-10,227,2024-10-16
PL,72-005,9287,1064800687,NASDAQ,1096312,2024-08-13,2024-05-07,632,2024-08-01
CN,,1903,1025579370,NYSE,1075529,2025-02-12,2025-02-22,1085,2024-08-15
CN,,1,1073719262,NYSE,1058998,2024-09-28,2024-05-22,4072,2025-01-26
ID,,1563,1018381185,NASDAQ,1099865,2024-05-02,2024-05-10,592,2024-06-04
CN,,203,1012730994,NYSE,1037906,2024-04-23,2025-01-21,2687,2025-01-13
PL,89-506,2135,1088593036,NASDAQ,1058122,2024-06-01,2025-03-06,1289,2024-08-10
VE,,039,1046314811,NASDAQ,1079806,2025-02-23,2024-06-06,2106,2025-03-02
MA,,77,1019969477,NYSE,1038971,2024-03-31,2024-12-28,3198,2024-09-17
NL,1404,48383,1007680562,NYSE,1089503,2024-12-14,2024-07-18,2785,2024-05-15
CL,,777,1104668987,NYSE,1066709,2024-07-31,2025-02-10,3602,2024-07-02
AZ,,235,1021504921,NASDAQ,1004800,2024-06-03,2025-01-30,2788,2024-12-07
SO,,6,1001671342,NASDAQ,1095688,2024-04-21,2024-05-18,1400,2024-10-11
CN,,0529,1077813681,NASDAQ,1023495,2025-02-08,2024-05-01,838,2024-12-10
CZ,588 45,689,1057364188,NASDAQ,1094334,2025-01-29,2024-05-16,3363,2025-02-07
ID,,01485,1068990515,NASDAQ,1086536,2024-05-01,2024-07-21,2472,2024-06-03
CN,,480,1094219488,NASDAQ,1005154,2024-07-30,2024-06-09,4194,2024-08-08
BY,,900,1005462435,NASDAQ,1032339,2025-01-01,2025-01-06,1431,2025-02-19
IE,D17,164,1074999085,NASDAQ,1058515,2025-03-09,2024-11-21,2029,2024-11-15
FR,93883 CEDEX,024,1055384567,NASDAQ,1059349,2024-11-05,2025-03-17,4139,2025-02-28
JP,637-0404,181,1011686628,NASDAQ,1026625,2024-09-04,2024-05-02,3109,2024-07-15
CN,,63,1098384386,NYSE,1083205,2024-07-02,2024-06-15,2839,2024-07-11
IR,,161,1084836245,NYSE,1062964,2024-12-07,2024-10-29,966,2024-05-12
FR,21009 CEDEX,25103,1010465733,NYSE,1035197,2024-11-15,2024-04-19,4586,2024-09-12
SO,,719,1073216775,NYSE,1095858,2024-07-29,2024-10-18,384,2024-04-26
NL,2409,29987,1077217891,NYSE,1043850,2024-06-19,2024-11-30,2267,2024-04-19
HT,,58921,1027848315,NYSE,1031498,2024-06-25,2024-05-30,4746,2024-05-09
PT,4745-358,18888,1075121050,NASDAQ,1058825,2024-05-27,2024-06-19,454,2024-11-21
PL,24-340,95,1104214372,NASDAQ,1035937,2024-04-26,2024-12-16,3273,2024-05-29
CO,662017,7338,1074698713,NYSE,1059864,2024-05-15,2024-08-01,1160,2025-03-05
CN,,1,1048412422,NASDAQ,1095015,2024-08-14,2024-06-01,4733,2024-11-30
TW,,7,1090549590,NYSE,1108371,2024-05-02,2024-03-26,4855,2024-09-26
SE,174 44,0,1007160054,NYSE,1110055,2024-09-23,2024-10-28,4456,2024-07-16
CZ,756 11,2,1041671079,NASDAQ,1025466,2025-01-31,2024-07-23,4455,2025-01-25
CN,,36471,1073241989,NASDAQ,1019886,2024-12-19,2024-04-30,705,2024-08-03
PH,5616,93079,1091577476,NYSE,1075193,2025-02-01,2024-03-27,3744,2024-05-05
MX,67710,44,1087700688,NYSE,1006493,2024-06-29,2024-07-02,1138,2025-03-04
FR,92715 CEDEX,0,1106957593,NASDAQ,1090776,2025-03-22,2024-05-24,2078,2024-06-02
ID,,277,1071794152,NASDAQ,1027171,2024-08-30,2024-06-06,1669,2025-03-08
TZ,,01681,1097239422,NASDAQ,1094302,2024-10-01,2024-10-29,2714,2024-09-08
GW,,9,1102431528,NYSE,1060378,2024-10-07,2024-11-18,1499,2024-11-29
CN,,8,1001473041,NASDAQ,1096174,2024-07-12,2024-07-20,2083,2025-03-06
ID,,42,1070024593,NYSE,1061838,2024-07-11,2024-12-21,1975,2024-05-11
CN,,4736,1106989664,NYSE,1081331,2024-05-17,2024-12-24,2540,2024-10-23
CN,,21,1083528189,NASDAQ,1045764,2024-05-18,2025-03-20,3273,2024-11-17
PH,2304,572,1057706443,NASDAQ,1078958,2025-01-08,2024-08-26,270,2024-07-19
UA,,567,1056629488,NYSE,1013873,2024-09-25,2024-06-08,2836,2024-09-28
PE,,9,1087829590,NYSE,1011217,2025-03-20,2024-11-03,4273,2025-03-03
BE,6594,895,1063565190,NASDAQ,1018026,2024-06-20,2024-11-19,3454,2025-01-11
FI,01770,95780,1041994284,NASDAQ,1026468,2024-09-02,2024-06-12,3503,2024-11-03
CN,,9329,1033675913,NASDAQ,1071272,2024-07-07,2024-11-06,1222,2024-04-18
CN,,068,1020739756,NASDAQ,1064153,2024-04-06,2024-04-09,2902,2024-09-21
CN,,95776,1080149704,NASDAQ,1109001,2024-10-06,2024-12-26,565,2024-05-24
AF,,58,1098414456,NASDAQ,1035150,2024-07-16,2025-02-11,4299,2024-08-24
MW,,4218,1110815586,NYSE,1018906,2025-02-03,2024-12-12,3000,2025-02-21
CZ,407 47,205,1024141525,NYSE,1010796,2024-06-23,2024-11-29,2835,2024-12-30
CN,,06,1010093022,NASDAQ,1060207,2024-04-23,2024-08-16,1051,2024-09-28
BR,85884-000,5447,1008729355,NASDAQ,1110699,2024-11-09,2024-05-27,1166,2025-03-03
CN,,9,1104211685,NYSE,1008083,2025-01-30,2024-05-04,372,2024-06-13
CN,,805,1001081205,NYSE,1018860,2024-06-14,2024-12-11,3703,2025-02-17
CN,,6,1063829779,NYSE,1008148,2024-12-12,2024-07-08,1137,2024-05-08
CN,,6459,1016449624,NASDAQ,1104077,2024-10-04,2024-12-01,789,2024-09-01
ID,,24,1000087192,NASDAQ,1079201,2024-10-16,2024-07-23,3718,2024-07-20
JP,289-1343,6514,1104052113,NASDAQ,1062030,2024-11-09,2024-06-05,3578,2024-12-08
CN,,44,1006943344,NYSE,1000871,2025-03-11,2024-08-23,1190,2024-04-10
UZ,,130,1015298063,NASDAQ,1075589,2024-06-10,2024-04-28,846,2024-12-05
CN,,05,1072081753,NASDAQ,1005910,2025-02-09,2024-07-11,4441,2024-04-08
ID,,31,1095342499,NYSE,1095763,2024-06-07,2024-04-08,4883,2024-05-07
CM,,0441,1024026522,NYSE,1103206,2024-11-05,2024-07-23,4676,2024-09-11
CZ,569 92,841,1030472689,NYSE,1078272,2024-07-27,2024-08-16,291,2025-03-11
EC,,664,1079876241,NASDAQ,1036825,2024-09-11,2024-06-13,349,2025-02-07
AO,,37,1037116568,NASDAQ,1083880,2024-06-14,2024-11-02,693,2024-06-18
CN,,930,1040088511,NASDAQ,1008970,2024-12-01,2024-04-14,1594,2024-10-04
CN,,729,1093581886,NASDAQ,1078790,2024-12-10,2024-05-31,1012,2024-04-15
CN,,285,1036327415,NASDAQ,1072680,2024-04-06,2025-01-11,1803,2025-01-28
PE,,86606,1057419351,NASDAQ,1057276,2024-06-27,2024-05-05,4812,2024-10-01
CN,,184,1003666160,NASDAQ,1053158,2024-09-02,2024-08-28,2284,2024-11-07
VE,,8,1077022673,NYSE,1027404,2024-05-03,2024-11-05,640,2024-06-23
PL,09-505,4743,1007676732,NASDAQ,1068889,2025-02-28,2024-09-02,2760,2024-09-24
JP,959-4501,63051,1088188786,NASDAQ,1042748,2024-08-03,2024-11-03,4536,2024-04-26
RU,188382,44430,1025696815,NASDAQ,1041137,2024-11-01,2024-05-23,1946,2024-11-27
AR,4600,1464,1109947544,NASDAQ,1042179,2024-05-28,2024-08-05,4571,2024-12-29
FR,80031 CEDEX 1,2,1016132456,NYSE,1025084,2025-02-11,2024-07-02,4506,2024-07-16
CN,,64425,1099471438,NASDAQ,1031420,2024-10-25,2025-01-27,1085,2025-02-07
PT,2205-806,4,1084391749,NASDAQ,1102002,2025-01-23,2024-11-02,1060,2024-05-06
PL,34-332,29653,1017892008,NASDAQ,1084397,2024-11-14,2024-05-22,677,2025-02-17
ID,,113,1022477221,NYSE,1069107,2024-09-05,2025-02-25,655,2024-10-21
BR,37440-000,2909,1106871771,NASDAQ,1076733,2025-03-02,2024-04-02,940,2024-05-14
PH,2211,83,1054116313,NASDAQ,1002282,2025-01-07,2024-09-01,773,2024-04-18
SE,132 30,0798,1048888777,NASDAQ,1057728,2024-11-09,2025-03-16,2610,2025-01-08
NP,,95008,1057759030,NYSE,1015124,2024-05-19,2025-02-14,4124,2024-07-11
CN,,6,1013791330,NYSE,1027047,2025-02-07,2025-02-10,3483,2024-08-09
RU,361222,04949,1085959113,NYSE,1001902,2024-08-28,2024-07-09,416,2025-01-30
CN,,6,1080869029,NYSE,1020303,2024-08-13,2024-04-11,4106,2025-01-05
PH,1009,2529,1059695243,NYSE,1045600,2024-07-19,2025-01-26,1988,2025-03-11
ID,,53551,1010010281,NASDAQ,1006241,2024-10-15,2024-05-06,2401,2025-01-11
PL,97-225,47461,1087348462,NASDAQ,1008650,2024-08-08,2024-09-11,1257,2024-06-05
JP,797-1506,1447,1076962367,NASDAQ,1110000,2024-04-29,2024-06-10,721,2024-06-20
PT,4990-585,05406,1054858298,NASDAQ,1085935,2025-01-15,2025-02-13,528,2024-07-01
CN,,19435,1051231545,NYSE,1077338,2024-07-29,2024-09-16,1067,2025-03-15
CN,,51406,1088587992,NYSE,1008898,2025-01-28,2024-05-21,814,2024-09-14
VE,,11,1051076504,NASDAQ,1004918,2025-02-10,2024-05-05,2795,2024-10-10
BR,37800-000,382,1108964011,NYSE,1108852,2024-12-23,2024-09-23,4019,2024-07-01
SE,434 43,84,1045747181,NYSE,1067924,2024-09-18,2024-05-19,1097,2024-12-19
PT,7005-724,604,1018809532,NYSE,1075287,2024-09-22,2024-06-01,520,2024-05-31
PH,4516,055,1007217149,NASDAQ,1026892,2024-07-17,2024-12-26,1895,2024-12-20
PH,1106,0903,1023806514,NYSE,1051067,2024-07-20,2025-03-20,3683,2024-09-20
NO,3012,74,1006547527,NASDAQ,1078688,2024-09-13,2024-10-20,533,2024-06-23
SI,9232,06,1019149679,NASDAQ,1015678,2024-10-31,2024-10-07,3055,2025-01-29
MX,38800,81963,1058727111,NYSE,1075602,2024-06-12,2024-05-21,3962,2025-02-26
SE,152 31,411,1014133483,NASDAQ,1099135,2024-09-14,2025-03-03,3512,2025-02-12
CA,H4R,0357,1072666299,NASDAQ,1054999,2024-12-26,2025-01-05,1475,2024-04-22
PT,4745-235,7,1032013823,NASDAQ,1055226,2025-03-24,2024-04-16,3070,2025-01-30
BR,37250-000,4070,1060949549,NYSE,1045541,2024-11-08,2024-11-01,2319,2024-09-07
ID,,2,1088785434,NYSE,1025880,2024-10-09,2024-12-13,4495,2024-06-20
CO,523528,570,1075055274,NASDAQ,1101832,2024-10-07,2024-09-20,389,2024-06-24
AF,,54,1019688430,NASDAQ,1019512,2024-06-27,2025-01-08,3414,2025-01-02
CN,,9589,1034715840,NYSE,1048676,2024-10-24,2024-10-03,3879,2024-07-19
ES,35070,3,1086220434,NYSE,1103600,2024-05-28,2024-11-14,2539,2024-05-07
FR,92056 CEDEX,7,1104125564,NYSE,1003116,2025-03-25,2025-02-19,2902,2024-04-28
CA,N2E,21,1092195497,NYSE,1006179,2024-05-05,2025-03-23,1457,2024-07-13
SE,702 21,440,1062159360,NYSE,1036554,2024-10-26,2025-01-29,4880,2024-12-29
MM,,1585,1021173453,NYSE,1063794,2024-09-16,2024-06-19,3164,2024-07-25
MY,50653,60,1106662861,NYSE,1032032,2025-01-11,2025-01-29,201,2024-11-15
VE,,195,1050362321,NASDAQ,1045814,2025-01-02,2024-06-27,4141,2024-06-27
NI,,92,1035100471,NASDAQ,1083123,2024-06-15,2024-07-03,3659,2025-01-15
PT,4805-505,065,1013114624,NYSE,1069478,2024-07-26,2024-09-30,2938,2024-04-04
CN,,3,1051795105,NYSE,1070896,2024-06-22,2024-09-18,4594,2024-04-01
CN,,42557,1064565736,NASDAQ,1082126,2024-08-14,2024-08-09,1569,2024-06-05
XK,,544,1033914882,NYSE,1046748,2024-05-15,2024-07-18,1373,2025-03-09
CN,,06265,1036680264,NASDAQ,1069944,2024-08-14,2024-11-27,1458,2024-07-12
CN,,5,1100741168,NASDAQ,1051292,2024-07-15,2024-06-03,758,2025-01-03
FR,14922 CEDEX 9,828,1030106044,NASDAQ,1013127,2024-07-05,2024-04-29,1378,2025-02-10
FR,21072 CEDEX,11,1074801708,NASDAQ,1007086,2024-12-09,2024-05-17,4964,2024-06-27
TH,26120,39825,1089049536,NASDAQ,1009696,2024-12-10,2024-08-23,848,2024-10-24
BR,88160-000,615,1038264190,NASDAQ,1092212,2024-09-02,2024-11-12,4060,2024-09-19
MX,24400,21,1005371724,NYSE,1037432,2024-09-24,2024-06-10,1719,2024-12-19
CU,,31113,1022520516,NYSE,1047345,2024-04-08,2024-10-16,2845,2024-09-12
MT,SLZ,4,1026263039,NASDAQ,1075539,2024-09-18,2025-03-03,3882,2024-11-16
UA,,4411,1016387663,NYSE,1083433,2025-02-26,2025-02-17,1532,2025-01-24
CN,,4,1003175326,NYSE,1003488,2024-10-22,2024-09-20,2165,2025-02-05
CN,,6672,1000564795,NASDAQ,1011454,2024-07-22,2024-12-30,229,2024-08-15
HT,,73,1038951501,NASDAQ,1086308,2024-06-06,2024-05-18,3377,2024-08-22
MG,,86007,1002070810,NYSE,1095247,2025-01-05,2024-09-05,1236,2024-05-15
NO,5879,5,1067266040,NYSE,1090423,2024-11-24,2024-06-29,1194,2024-11-19
RU,614097,043,1096217485,NASDAQ,1043163,2025-01-06,2024-06-05,1154,2024-08-28
YE,,66,1092301933,NASDAQ,1085243,2024-07-22,2025-03-15,2262,2024-10-07
AR,3262,8,1077443319,NASDAQ,1066367,2025-02-20,2024-07-26,3766,2024-09-15
PH,5200,6,1013760645,NYSE,1025985,2025-01-18,2024-05-06,999,2025-02-02
BR,48330-000,66377,1009196826,NYSE,1038244,2024-07-25,2024-09-26,456,2024-11-28
PT,5360-185,8241,1110010916,NYSE,1065487,2024-10-14,2024-10-04,1898,2024-11-30
RS,,3,1045566161,NYSE,1110502,2025-01-18,2024-07-29,4517,2024-11-29
PH,1054,4,1005875423,NYSE,1019975,2024-07-23,2024-07-22,3186,2024-07-09
PL,87-330,984,1054622998,NASDAQ,1044302,2025-02-20,2024-05-08,3947,2025-03-06
CN,,2092,1054588638,NASDAQ,1081973,2024-08-23,2024-11-25,525,2024-10-09
PH,7031,77490,1005331997,NYSE,1090861,2024-06-23,2024-08-08,4790,2025-02-04
KW,,40150,1024008372,NYSE,1012075,2024-10-05,2024-05-04,4332,2025-02-22
CA,T0C,18,1044781731,NASDAQ,1107783,2024-05-24,2024-11-28,1755,2024-04-13
PK,45401,5029,1048240613,NYSE,1053580,2025-01-27,2025-03-23,1532,2024-08-13
SE,682 33,534,1073362231,NASDAQ,1003591,2024-06-12,2024-12-02,3265,2024-04-16
JP,299-0271,362,1009662942,NASDAQ,1069604,2024-05-17,2024-10-03,4174,2024-09-08
CN,,9,1025947915,NASDAQ,1034993,2025-03-10,2024-11-02,2144,2024-12-18
CO,764517,37,1029319756,NYSE,1078875,2024-05-12,2024-08-14,3886,2024-10-02
ID,,15,1063793495,NYSE,1037395,2024-11-18,2024-04-10,3217,2024-04-02
FR,29551 CEDEX 9,06984,1055826351,NYSE,1087563,2024-10-26,2024-06-25,3070,2024-12-05
CN,,113,1037832501,NYSE,1076600,2025-03-20,2024-05-04,1611,2024-11-27
UA,,254,1052890892,NASDAQ,1005498,2024-06-25,2025-02-21,3971,2024-12-23
ID,,20,1014044856,NYSE,1027047,2024-08-13,2025-03-02,4405,2024-07-26
CN,,1806,1003930542,NASDAQ,1088947,2024-08-05,2024-10-11,483,2024-12-05
RU,446209,3670,1050042804,NYSE,1058904,2024-05-18,2024-06-29,2414,2024-12-07
SE,551 11,521,1026349258,NYSE,1076381,2024-04-16,2024-05-11,812,2024-08-01
PH,5814,8,1103909157,NYSE,1071730,2024-06-30,2024-10-15,980,2025-03-22
ID,,8,1051472667,NYSE,1077981,2024-08-17,2024-06-09,3683,2024-05-16
CN,,5,1029077093,NYSE,1096505,2024-06-30,2025-02-23,1500,2024-11-22
PL,48-304,17,1106525556,NYSE,1066171,2024-09-24,2024-09-24,4220,2024-09-20
CN,,2985,1086765057,NASDAQ,1097928,2024-09-30,2024-10-26,299,2025-02-07
PH,7010,10,1018793022,NASDAQ,1001380,2024-09-20,2024-11-07,1842,2024-10-22
NL,5509,1158,1076859710,NYSE,1064454,2024-08-14,2024-05-23,4110,2024-12-24
PE,,67,1108140677,NASDAQ,1057698,2024-12-22,2024-06-09,4287,2024-06-13
CA,K7V,51258,1049353227,NASDAQ,1040832,2024-09-18,2024-04-12,4151,2024-06-04
ID,,7989,1004917026,NASDAQ,1102569,2024-03-30,2024-10-29,774,2024-04-13
CN,,06522,1083532446,NASDAQ,1097727,2024-08-18,2025-03-05,4369,2025-01-08
ID,,96,1062676852,NASDAQ,1022441,2025-03-18,2024-10-01,2563,2025-02-06
CD,,02311,1078678003,NASDAQ,1072252,2024-07-28,2024-08-08,1819,2024-10-07
JP,648-0002,200,1105854817,NYSE,1026041,2025-01-22,2024-10-29,3457,2024-12-13
PT,4580-634,0482,1109911661,NASDAQ,1107913,2024-08-23,2024-08-30,2805,2024-09-22
CN,,224,1075448280,NYSE,1030655,2024-08-05,2025-01-19,601,2024-07-11
PH,4014,8,1019763550,NASDAQ,1048719,2024-05-23,2025-01-23,4546,2024-06-27
CN,,66949,1020286324,NYSE,1056363,2024-09-16,2024-06-12,2105,2024-08-11
BR,58800-000,9,1081422672,NASDAQ,1039548,2024-11-08,2024-09-11,1029,2025-03-24
PT,4820-560,4586,1015235301,NASDAQ,1060155,2024-12-29,2024-10-09,426,2024-06-28
AR,4424,960,1028526492,NASDAQ,1054563,2024-07-13,2024-09-04,4001,2024-05-04
ID,,39,1108242901,NYSE,1070143,2024-11-21,2025-01-16,1367,2024-05-14
NL,6224,66,1068802327,NASDAQ,1096933,2025-02-21,2024-09-26,709,2024-06-27
DE,47239,8,1031055281,NYSE,1021629,2025-02-09,2024-08-26,1459,2025-03-01
CN,,36767,1084206050,NYSE,1010444,2024-08-17,2025-01-30,1074,2024-08-20
ML,,88,1005755235,NASDAQ,1014817,2024-12-10,2024-12-22,2679,2024-05-09
BR,88160-000,70,1007955323,NYSE,1027261,2024-05-11,2024-11-24,330,2025-02-23
NG,,6446,1106735530,NASDAQ,1097052,2024-05-22,2024-10-26,2055,2024-07-11
MA,,7,1052719021,NASDAQ,1091342,2024-05-24,2024-08-14,2996,2024-08-19
VN,,3053,1003676119,NYSE,1079188,2024-05-06,2024-06-21,4230,2024-05-17
BR,01000-000,31,1107830116,NYSE,1108699,2024-07-23,2024-09-15,2434,2024-09-08
CN,,0390,1074596744,NYSE,1012599,2025-01-22,2024-08-01,3396,2024-06-23
CN,,83455,1074520880,NASDAQ,1101167,2025-01-09,2024-11-08,232,2024-07-19
BR,59550-000,35,1016878508,NASDAQ,1087289,2024-12-14,2024-05-03,2731,2024-08-01
CN,,67488,1017346591,NASDAQ,1095889,2024-11-04,2024-11-19,3925,2024-07-05
CN,,094,1017291235,NASDAQ,1016915,2024-05-21,2025-03-18,3181,2024-05-20
ID,,2,1064952625,NASDAQ,1101183,2024-09-03,2024-09-06,4678,2024-08-17
HN,,44,1101208755,NYSE,1049714,2024-03-29,2024-10-18,1396,2024-05-05
PH,2445,248,1002603549,NYSE,1095004,2024-07-19,2025-02-24,2586,2024-05-14
PH,2808,24,1106969738,NYSE,1076679,2025-01-15,2024-05-26,2561,2024-03-26
CN,,9,1078173040,NASDAQ,1063989,2025-03-08,2024-12-30,2850,2024-04-02
CN,,727,1097826773,NASDAQ,1001590,2024-10-02,2025-02-02,2314,2024-12-17
PL,62-314,34,1029382488,NASDAQ,1015641,2025-02-02,2024-09-10,3608,2024-10-26
CA,P5N,00461,1107567135,NASDAQ,1102982,2025-03-17,2024-08-03,1779,2025-01-12
JP,818-0138,16239,1065031711,NYSE,1045473,2024-11-27,2025-01-21,3065,2024-07-19
CN,,6,1072999928,NASDAQ,1008964,2025-02-15,2024-12-20,4083,2024-09-20
CN,,515,1038643671,NYSE,1073353,2024-07-05,2024-07-31,4705,2024-05-12
PH,2430,64806,1080930914,NYSE,1017271,2024-04-03,2024-11-21,2315,2024-09-21
CN,,8939,1085334271,NYSE,1105163,2024-05-03,2024-12-16,4575,2024-10-19
CN,,141,1025406262,NYSE,1086464,2024-07-27,2024-07-31,2845,2025-03-19
PH,5039,164,1078347699,NYSE,1065756,2025-01-04,2024-12-18,2928,2024-06-05
VE,,3733,1081674397,NYSE,1062127,2024-08-14,2025-02-25,3381,2025-02-22
NZ,7142,37618,1101750388,NASDAQ,1028180,2025-02-26,2024-06-09,2634,2024-04-24
PE,,85,1010363654,NASDAQ,1070332,2025-01-02,2024-10-28,4525,2025-02-08
FR,45016 CEDEX 1,0016,1073877590,NASDAQ,1019972,2024-09-28,2024-08-15,4512,2024-06-20
PT,2855-609,287,1001161043,NASDAQ,1091418,2024-07-20,2025-01-21,3010,2025-01-03
JP,959-1748,0046,1006437296,NYSE,1034821,2024-07-08,2024-10-23,1889,2024-05-25
ID,,8086,1079257913,NASDAQ,1009093,2024-06-26,2024-06-03,1504,2024-03-27
PT,4690-805,013,1103091912,NYSE,1076855,2024-11-18,2024-09-02,228,2024-04-17
CN,,3,1091534475,NYSE,1108652,2024-12-03,2025-02-20,2876,2024-05-24
MY,46547,32423,1105425375,NASDAQ,1038499,2024-05-04,2024-07-22,2510,2024-06-14
RU,141662,26,1076204386,NASDAQ,1041118,2025-02-28,2024-05-06,3120,2025-02-08
ID,,3290,1018309280,NASDAQ,1099915,2025-03-20,2024-04-22,847,2024-10-15
PK,58181,96075,1033501202,NASDAQ,1039058,2024-06-12,2024-05-19,3126,2024-04-19
CZ,768 32,581,1008688733,NYSE,1066263,2024-10-07,2024-04-18,3569,2024-12-27
RS,,692,1090308063,NASDAQ,1068284,2025-02-07,2024-06-03,189,2024-04-19
GR,,4453,1058179448,NASDAQ,1061101,2024-09-30,2025-01-04,2290,2025-02-25
LB,,5307,1036019562,NYSE,1032522,2025-01-01,2025-01-28,1559,2024-11-23
ID,,9023,1097582896,NYSE,1054180,2024-05-02,2025-01-15,2538,2025-01-05
CN,,00128,1005392273,NASDAQ,1054442,2024-05-15,2024-10-25,697,2024-12-22
NL,2409,5499,1090008886,NASDAQ,1043403,2024-04-24,2024-04-18,4843,2025-03-18
WS,,53759,1100028445,NASDAQ,1068916,2024-10-04,2024-09-12,4573,2024-12-10
PL,26-422,854,1086913866,NYSE,1040047,2024-07-02,2025-01-17,728,2025-01-10
RU,669310,1135,1044408462,NASDAQ,1014772,2025-02-20,2024-11-01,4823,2024-12-14
GR,,661,1099855569,NASDAQ,1088393,2024-06-19,2025-03-21,2043,2024-09-02
CN,,55,1039835917,NASDAQ,1081517,2024-09-25,2024-12-06,4224,2025-02-04
PS,,5,1073543563,NYSE,1037481,2024-06-14,2024-06-24,3246,2024-04-02
RU,140579,6703,1075570951,NYSE,1018605,2024-08-13,2024-10-12,652,2024-09-19
CW,,2,1102194265,NASDAQ,1054540,2025-03-24,2025-03-22,2415,2024-06-19
SE,184 23,3510,1018343825,NYSE,1096747,2024-08-17,2024-05-14,3563,2024-08-21
ER,,1,1023960095,NYSE,1012823,2024-06-05,2025-03-03,2379,2024-09-17
PH,8308,3143,1017411062,NYSE,1079712,2024-05-05,2025-02-26,3378,2025-02-22
MN,,10156,1063084922,NYSE,1052374,2025-01-13,2024-06-18,2538,2024-11-25
TH,41220,015,1065938145,NYSE,1049660,2025-01-17,2024-10-23,104,2025-02-15
PT,2605-150,3,1039127328,NYSE,1061603,2024-09-04,2025-03-15,3675,2024-10-08
RU,416013,9499,1048821026,NYSE,1075662,2024-10-08,2024-12-24,1198,2024-04-11
ID,,799,1109678691,NASDAQ,1065406,2024-11-26,2024-05-28,4832,2024-07-24
NO,3716,46,1024763397,NASDAQ,1032381,2024-06-01,2024-05-15,3196,2024-11-15
PL,06-501,12,1063437007,NYSE,1090470,2024-12-21,2024-10-05,1251,2024-09-10
AR,6070,918,1073611634,NYSE,1031197,2025-03-10,2024-11-26,3588,2025-01-06
SY,,313,1099219187,NYSE,1047046,2024-06-18,2025-01-19,2396,2025-03-07
ID,,8,1105476267,NASDAQ,1015194,2024-05-10,2024-10-13,2678,2024-12-16
PT,6040-104,96593,1001992183,NYSE,1024799,2024-11-22,2024-11-24,1260,2024-09-21
CA,R3P,0,1081874958,NYSE,1028914,2024-04-06,2024-08-06,374,2024-05-11
ID,,57,1090376421,NASDAQ,1073452,2024-12-18,2024-09-18,334,2024-10-15
ID,,15,1088780564,NYSE,1039791,2025-02-22,2024-04-21,1183,2025-02-18
US,14276,223,1047112404,NASDAQ,1001717,2024-05-18,2024-11-21,777,2024-09-07
CN,,5305,1000779503,NYSE,1075151,2024-09-27,2025-03-17,4328,2024-11-07
PH,5012,77912,1042268679,NYSE,1101870,2024-03-30,2024-05-28,2471,2025-03-23
US,79977,77,1035443011,NYSE,1007060,2024-08-29,2024-09-30,4505,2024-07-22
PL,27-612,53125,1058246044,NASDAQ,1080471,2024-06-09,2025-01-17,1778,2024-04-21
UA,,71553,1064764988,NYSE,1004349,2025-01-12,2024-08-13,4593,2024-04-01
RS,,9,1013947528,NASDAQ,1041937,2024-06-22,2024-07-17,4065,2024-11-12
CN,,1158,1066727042,NASDAQ,1068305,2024-06-24,2024-08-29,2348,2024-09-20
MR,,84802,1018281833,NASDAQ,1046185,2024-03-27,2025-03-21,4798,2024-09-02
CN,,81128,1106272226,NYSE,1024443,2024-12-31,2024-10-18,1924,2024-06-10
ID,,46686,1014210835,NASDAQ,1018703,2024-12-20,2024-10-31,1835,2024-12-16
CN,,1926,1006256787,NASDAQ,1095280,2024-09-12,2024-12-18,1752,2024-10-30
PH,9003,5,1076689825,NYSE,1078666,2024-03-28,2024-06-04,3533,2025-02-17
RU,619184,0,1024294374,NYSE,1097258,2024-10-17,2024-06-16,2444,2025-02-24
TH,46140,91,1058844238,NASDAQ,1104687,2024-12-19,2024-08-27,4161,2024-06-09
RU,652240,17,1030680668,NASDAQ,1053380,2024-12-26,2024-04-18,220,2024-07-24
CN,,82,1008455804,NYSE,1040627,2025-03-18,2024-07-13,2118,2025-01-16
CN,,3163,1085171931,NYSE,1014533,2024-12-27,2024-09-14,995,2024-05-21
CN,,554,1035425186,NYSE,1098912,2024-07-18,2024-09-17,2550,2025-01-20
CO,151407,41,1063518003,NYSE,1093691,2024-12-23,2024-12-21,3652,2024-07-25
IR,,8,1108512695,NASDAQ,1065727,2025-01-17,2024-08-05,2166,2024-05-18
SE,414 71,457,1027819391,NASDAQ,1079583,2024-06-08,2024-08-23,4323,2025-03-03
PH,6511,78,1086034180,NASDAQ,1078994,2024-08-11,2024-06-14,439,2024-04-06
RU,674553,406,1102461967,NYSE,1005314,2024-12-06,2024-10-02,807,2024-10-02
CN,,65213,1082285121,NASDAQ,1094060,2024-09-06,2025-03-05,977,2024-10-05
CN,,364,1072562806,NYSE,1102457,2024-03-30,2024-09-08,4942,2024-06-16
DO,11114,491,1026981224,NASDAQ,1066822,2024-10-20,2024-09-20,771,2024-07-20
ID,,235,1063415031,NASDAQ,1020311,2024-07-10,2024-05-31,2832,2024-10-18
ID,,1270,1012367618,NASDAQ,1097678,2024-06-23,2024-11-12,3997,2024-07-08
RS,,3,1013762015,NASDAQ,1052570,2024-07-08,2024-07-30,1136,2024-04-29
LK,10280,30985,1076604706,NASDAQ,1084066,2024-11-14,2024-06-07,3164,2025-02-27
CN,,9,1107379315,NASDAQ,1037366,2024-10-03,2024-10-07,2291,2024-07-07
PL,21-450,9513,1104558419,NYSE,1090293,2024-06-28,2024-10-28,4644,2024-10-24
CN,,714,1105113157,NYSE,1013591,2025-02-26,2025-02-08,2932,2024-08-30
ID,,3193,1042351960,NASDAQ,1027519,2025-02-10,2024-12-20,2568,2024-07-23
UA,,9,1085698713,NASDAQ,1079077,2024-11-18,2024-08-25,3227,2024-09-03
FR,29825 CEDEX 9,753,1036174713,NASDAQ,1030547,2024-07-03,2024-09-09,4965,2024-04-22
PL,64-120,4494,1064749672,NYSE,1073275,2025-03-08,2024-07-20,1815,2024-12-16
CN,,72465,1077997926,NASDAQ,1050823,2024-04-03,2024-08-13,2929,2024-11-26
CN,,4406,1035914933,NASDAQ,1060446,2025-01-12,2025-03-13,3438,2025-03-18
CN,,6,1076694126,NYSE,1036826,2024-09-25,2024-04-04,1232,2024-11-11
CN,,21170,1001471572,NASDAQ,1009597,2024-06-21,2024-09-22,1101,2024-12-06
HN,,686,1044738556,NASDAQ,1001807,2024-05-03,2024-08-28,4685,2024-08-06
CN,,52245,1043927770,NASDAQ,1093270,2024-06-17,2024-08-09,4017,2025-03-11
ID,,096,1105118916,NYSE,1073044,2024-04-27,2025-02-20,4286,2024-12-31
ID,,71,1084786033,NYSE,1065579,2024-06-17,2025-01-25,2267,2024-06-01
GP,97102 CEDEX,3482,1003256541,NASDAQ,1014327,2024-12-10,2025-01-22,2173,2024-08-05
KZ,,2208,1037723483,NYSE,1087436,2024-10-04,2024-11-30,4924,2024-10-07
GA,,502,1045578019,NASDAQ,1060016,2024-09-22,2024-10-21,1212,2024-06-10
JP,610-0331,771,1022373189,NASDAQ,1040652,2024-07-18,2025-02-12,2729,2025-02-04
CN,,61612,1011088133,NASDAQ,1047392,2024-06-04,2024-10-11,601,2024-08-08
NL,7524,996,1075588250,NASDAQ,1083899,2024-05-28,2024-08-05,4466,2024-09-03
CN,,60387,1077168231,NASDAQ,1035904,2025-01-12,2024-06-23,445,2025-01-05
IR,,8357,1010965246,NYSE,1053097,2024-06-13,2024-09-05,3921,2025-03-01
PE,,50,1016313066,NASDAQ,1093239,2024-07-30,2024-11-13,1213,2025-01-09
JP,927-2162,291,1048651064,NYSE,1076891,2024-07-04,2024-06-20,3914,2024-10-23
CO,170017,14,1111103033,NYSE,1082333,2024-07-09,2024-08-21,1974,2024-07-18
PH,4221,0,1006185454,NYSE,1108906,2025-02-23,2025-03-04,3782,2024-07-24
CZ,340 04,64708,1110135858,NASDAQ,1093105,2024-12-26,2025-01-07,4273,2024-09-03
EC,,8988,1110568989,NYSE,1109932,2024-05-19,2024-07-30,4122,2024-10-02
BR,13220-000,06,1031035242,NYSE,1043882,2024-03-27,2025-01-13,1580,2025-03-18
MX,30800,97973,1097217504,NYSE,1002787,2024-06-21,2024-09-05,4782,2024-12-02
RU,187349,3,1080101336,NYSE,1059816,2024-10-13,2024-09-23,2795,2024-11-15
GR,,59687,1008239167,NYSE,1044222,2024-09-12,2024-07-05,2591,2024-12-25
VN,,68,1065078549,NASDAQ,1013354,2024-09-15,2024-10-18,717,2024-11-09
FR,75542 CEDEX 11,8249,1059445252,NASDAQ,1007714,2024-04-10,2025-01-09,710,2025-01-30
SN,,1035,1043719087,NASDAQ,1051915,2025-02-24,2024-11-30,3705,2024-07-09
CN,,25285,1013965237,NASDAQ,1068673,2024-07-30,2024-05-27,700,2025-03-12
VE,,5343,1044698898,NASDAQ,1065829,2024-08-02,2024-10-11,2917,2024-08-25
BA,,0354,1084208855,NASDAQ,1031389,2024-06-16,2024-06-11,753,2024-06-02
AL,,63259,1007180490,NYSE,1107979,2025-01-03,2025-01-26,1707,2024-08-07
ZA,9540,6614,1012500717,NASDAQ,1015755,2024-09-24,2024-11-26,1356,2024-04-08
BR,78930-000,777,1044345735,NYSE,1021699,2025-01-17,2024-07-04,123,2024-07-05
BA,,792,1035337924,NASDAQ,1045124,2024-12-21,2025-03-22,2161,2024-04-30
CN,,430,1070898444,NASDAQ,1081749,2024-05-18,2025-03-20,2938,2024-07-02
CN,,93,1041456875,NYSE,1029063,2024-09-09,2024-10-13,4556,2024-04-19
KZ,,02,1023237211,NYSE,1054412,2025-03-14,2024-10-14,3618,2024-09-19
PH,5711,1,1068767466,NASDAQ,1034707,2024-04-11,2024-10-20,4214,2024-11-22
KG,,2724,1041993648,NASDAQ,1107903,2024-04-03,2024-10-22,3912,2025-01-25
CN,,35,1039692935,NYSE,1034329,2024-11-29,2024-05-31,4840,2024-11-15
CN,,9019,1054219309,NYSE,1060237,2024-04-02,2024-11-26,1148,2024-12-04
PH,6417,72933,1075218862,NYSE,1104185,2024-09-27,2024-09-27,4832,2024-03-30
KN,,66,1056791001,NASDAQ,1006143,2025-02-05,2024-04-05,3959,2024-04-19
ID,,2,1058644803,NYSE,1096199,2024-05-01,2025-03-22,182,2025-01-20
CN,,80855,1076203509,NASDAQ,1075905,2025-02-19,2024-04-11,2060,2024-09-01
JP,321-1436,17418,1101034711,NYSE,1051978,2024-07-13,2024-05-13,4960,2024-03-29
CO,733558,6,1056267568,NYSE,1097961,2024-08-14,2024-08-11,571,2024-12-16
PH,4332,52,1091035470,NASDAQ,1021348,2024-09-03,2024-09-15,1982,2024-12-11
CN,,49,1084634501,NYSE,1104206,2025-03-20,2025-01-30,4939,2025-03-05
US,29905,113,1073654798,NYSE,1081974,2024-09-24,2024-04-09,4030,2025-02-23
MA,,41,1108356825,NASDAQ,1027625,2024-09-07,2024-08-03,3551,2024-12-11
KR,,8,1096627609,NASDAQ,1009619,2024-06-03,2024-10-28,3158,2024-09-18
RS,,92,1077337875,NYSE,1016031,2024-11-27,2025-02-24,879,2024-07-05
DO,10516,30,1094529429,NYSE,1091807,2024-04-15,2025-03-19,1140,2024-11-13
CN,,5416,1107706014,NASDAQ,1036329,2024-05-21,2024-07-04,1843,2025-02-24
CN,,9426,1075994601,NYSE,1017304,2024-07-11,2025-03-22,705,2024-08-24
CN,,26030,1081516532,NASDAQ,1000940,2024-05-26,2024-09-07,2904,2024-04-17
SE,451 95,61977,1054216757,NYSE,1001160,2024-11-03,2024-05-23,4906,2025-01-04
GE,,80941,1073177731,NYSE,1056984,2024-11-06,2025-02-07,2904,2025-03-24
BR,45600-000,837,1023534625,NASDAQ,1102208,2025-03-10,2024-09-02,740,2024-05-04
CN,,127,1005786590,NYSE,1092813,2024-07-11,2024-06-05,1948,2024-07-25
CN,,98083,1067562428,NASDAQ,1004136,2025-03-16,2024-04-03,3653,2024-08-22
PL,05-509,3,1023056472,NYSE,1065324,2024-11-14,2024-10-07,3078,2024-06-01
CN,,00050,1042433913,NYSE,1099653,2024-06-10,2024-11-07,4718,2024-07-06
CN,,25,1091160523,NASDAQ,1045161,2025-02-25,2024-06-26,790,2024-04-27
UA,,1,1069043944,NYSE,1013196,2025-03-25,2024-07-31,334,2025-03-15
RU,425239,96940,1063283516,NASDAQ,1061420,2024-11-19,2024-06-22,3961,2025-02-26
BR,15440-000,1160,1054030147,NYSE,1103787,2025-01-12,2024-12-27,2016,2024-12-17
CN,,9,1094506426,NASDAQ,1091017,2024-05-01,2024-07-06,1258,2024-04-04
RU,396336,9150,1008949615,NYSE,1049361,2024-07-17,2024-12-07,4624,2024-12-14
EC,,45,1074732507,NASDAQ,1101579,2024-10-24,2025-02-20,4614,2024-06-16
CN,,4750,1100321363,NYSE,1007120,2024-06-22,2024-04-12,4068,2024-07-12
CZ,262 56,8158,1086908657,NASDAQ,1094604,2025-01-01,2025-03-19,586,2024-07-17
SN,,88,1032500071,NYSE,1103151,2024-10-19,2024-05-12,2283,2024-10-06
CZ,542 33,526,1064737815,NASDAQ,1104217,2024-05-11,2024-05-05,132,2024-11-02
ZM,,2685,1077361090,NASDAQ,1052559,2024-03-31,2025-02-20,3391,2025-01-07
PE,,1834,1027897442,NYSE,1024684,2024-04-29,2024-10-07,3894,2024-11-19
FR,92671 CEDEX,93357,1063304088,NASDAQ,1074742,2024-04-07,2024-12-20,2220,2024-11-03
BG,8890,7,1084270488,NYSE,1080564,2024-07-07,2024-10-18,1434,2025-01-18
FR,83404 CEDEX,45,1101881490,NYSE,1009482,2025-02-03,2024-09-23,2189,2024-12-31
GR,,35,1013024502,NYSE,1053124,2024-12-21,2024-07-27,1085,2024-05-19
ID,,59,1046702340,NYSE,1018545,2024-12-14,2024-04-07,4726,2024-07-20
PA,,5067,1056937804,NYSE,1042526,2024-07-06,2024-09-13,2401,2024-07-03
ID,,0505,1025997632,NASDAQ,1053207,2024-07-21,2024-10-24,220,2025-01-22
AF,,970,1007036137,NASDAQ,1003839,2025-01-27,2025-02-08,1085,2025-01-08
US,92648,05,1068216845,NASDAQ,1005021,2024-12-04,2024-09-08,3108,2024-10-09
PH,4313,21,1095285965,NASDAQ,1108166,2024-11-24,2024-07-12,1825,2024-07-23
PT,5050-401,9782,1021810790,NASDAQ,1081907,2024-08-21,2024-10-11,3697,2024-11-12
SE,113 03,55,1014411240,NYSE,1099090,2024-04-16,2024-07-21,4579,2024-11-23
MG,,3,1038687383,NASDAQ,1013443,2024-05-14,2025-01-01,4038,2024-11-06
RU,396564,1,1100305357,NASDAQ,1030965,2024-07-19,2024-07-24,2456,2024-08-18
FR,62411 CEDEX,2168,1018697015,NYSE,1034641,2024-08-01,2024-09-27,121,2025-01-17
CN,,5768,1056441795,NYSE,1028467,2025-03-19,2024-12-23,2032,2024-06-18
PH,2010,8017,1089986506,NYSE,1060531,2024-04-19,2024-08-03,1727,2025-01-19
CN,,45,1067599072,NASDAQ,1093576,2024-04-09,2024-10-30,1633,2024-07-13
RU,641115,0926,1102482358,NASDAQ,1024855,2024-07-31,2024-10-12,106,2025-03-04
CN,,90,1008979947,NASDAQ,1044955,2024-10-13,2024-09-14,4207,2024-10-25
AM,,48,1017000324,NASDAQ,1098490,2025-01-21,2024-05-28,2341,2024-11-22
ID,,00318,1041955599,NASDAQ,1041092,2025-01-07,2024-05-30,3026,2024-11-06
PH,3114,3,1013994756,NYSE,1099067,2024-10-16,2025-02-26,4786,2025-02-20
MR,,0,1087572746,NYSE,1002036,2024-05-26,2024-06-10,931,2024-08-19
CO,155007,91,1060276773,NASDAQ,1095215,2024-04-08,2024-07-26,258,2024-09-01
MN,,54207,1108215434,NYSE,1068174,2024-07-15,2024-10-28,637,2024-07-14
PS,,83418,1061747766,NASDAQ,1070936,2024-10-07,2024-04-20,4208,2024-08-05
FR,67024 CEDEX 1,2,1024155217,NYSE,1018004,2024-04-20,2025-03-01,368,2024-08-17
SE,183 04,9033,1018437533,NASDAQ,1052745,2024-09-11,2024-09-19,1726,2025-01-04
ID,,51,1076963064,NYSE,1099407,2024-07-13,2024-04-10,3823,2024-09-12
RU,648360,31747,1078754178,NYSE,1009295,2024-10-07,2024-09-06,641,2025-02-27
ID,,823,1027884534,NASDAQ,1074911,2025-03-03,2024-08-21,4330,2024-10-26
TD,,5,1021534517,NYSE,1058239,2025-02-08,2024-05-02,4464,2024-04-05
PL,73-150,9193,1074481860,NYSE,1002098,2024-03-28,2024-10-06,1053,2024-12-01
HU,1111,135,1072618506,NASDAQ,1095298,2024-09-29,2024-12-25,4412,2024-05-20
ID,,0,1003965256,NYSE,1065787,2025-02-22,2025-02-17,4482,2024-11-05
ID,,1,1100736734,NYSE,1024134,2024-09-06,2024-12-30,4855,2025-02-10
CN,,6762,1072418990,NASDAQ,1068373,2024-08-24,2024-07-05,4042,2024-03-26
GT,13024,35984,1033416889,NASDAQ,1041393,2025-01-17,2024-10-23,1559,2024-08-08
RU,399373,01182,1080900931,NYSE,1003716,2024-06-14,2024-12-17,1076,2025-01-02
BJ,,379,1011051151,NASDAQ,1080039,2025-01-24,2024-05-05,691,2024-09-14
MD,MD-5134,82,1073445428,NASDAQ,1009938,2024-11-08,2024-10-25,375,2024-07-27
NO,9510,7,1100768946,NYSE,1074465,2024-07-06,2024-08-26,4979,2025-03-12
BR,55340-000,9,1099192229,NYSE,1059688,2024-11-11,2024-12-01,3615,2024-10-20
PH,2621,64,1002662662,NASDAQ,1091468,2025-02-07,2024-10-14,1300,2024-06-10
TZ,,299,1083253484,NASDAQ,1094650,2025-03-13,2024-11-03,2475,2024-11-05
IL,,3274,1026171146,NYSE,1008435,2025-01-30,2024-12-22,910,2024-10-02
PH,7015,3199,1079813095,NASDAQ,1011840,2025-02-06,2024-11-26,3315,2024-05-24
ID,,22385,1044194953,NASDAQ,1101384,2024-07-06,2024-04-25,601,2024-06-02
PT,2440-024,5,1083517243,NYSE,1068538,2024-04-30,2024-11-09,4832,2025-02-24
FI,73601,6009,1103076469,NYSE,1096636,2024-10-25,2024-11-26,2271,2024-07-29
SE,686 91,3,1059700400,NASDAQ,1087011,2024-08-12,2025-03-11,3082,2024-04-30
NG,,91017,1044584060,NYSE,1081102,2024-05-09,2025-03-02,4469,2024-04-01
PT,7430-215,31743,1067921881,NYSE,1101642,2024-06-28,2024-09-15,3048,2024-12-25
UZ,,1,1009707448,NASDAQ,1020403,2024-11-21,2024-06-10,889,2024-09-25
GT,10030,45407,1090286962,NASDAQ,1056256,2024-09-15,2024-10-04,4796,2024-07-21
PT,3860-042,14,1030227291,NYSE,1008862,2024-10-16,2024-11-09,3450,2024-10-04
GB,LE15,28182,1023803293,NYSE,1056379,2024-12-09,2024-05-20,4819,2024-04-05
PH,9410,2938,1060840862,NASDAQ,1033392,2025-01-05,2025-02-18,509,2024-08-03
IR,,5392,1073666053,NYSE,1044770,2024-07-06,2024-09-10,784,2024-05-20
MK,2436,38,1032898025,NYSE,1068984,2024-11-10,2025-02-05,3970,2024-07-09
BR,77800-000,8,1092761317,NASDAQ,1047788,2024-07-08,2024-07-09,2468,2024-05-23
CN,,8173,1054233433,NYSE,1047192,2025-03-17,2024-11-08,1310,2024-05-28
US,46202,11,1020198752,NASDAQ,1051186,2024-04-24,2024-09-22,972,2025-01-31
JO,,278,1041426127,NASDAQ,1068497,2025-03-05,2024-04-10,3964,2025-02-16
SE,115 37,946,1052412429,NYSE,1029828,2024-09-19,2024-07-17,2671,2025-03-19
PT,4770-014,70,1008010581,NASDAQ,1030353,2024-12-10,2025-03-06,2754,2024-11-20
NZ,4848,475,1079498935,NASDAQ,1048164,2024-04-20,2024-05-31,4373,2024-11-18
PA,,7603,1034099104,NYSE,1102576,2024-06-08,2024-06-15,1143,2024-05-21
SY,,7,1051665783,NYSE,1008689,2024-07-02,2024-05-13,2903,2025-03-20
PL,83-047,056,1106571936,NYSE,1104498,2025-02-21,2024-06-01,2049,2024-07-14
BR,45700-000,19,1092371196,NYSE,1086713,2024-10-05,2024-09-23,2240,2024-04-07
CN,,427,1035132224,NASDAQ,1087111,2024-09-29,2024-07-13,4918,2024-11-15
CN,,267,1011533882,NYSE,1006020,2024-12-13,2025-03-22,3535,2024-06-03
PL,85-056,65423,1036172571,NYSE,1040845,2024-10-12,2024-03-27,706,2024-11-11
ID,,59,1094554159,NYSE,1040042,2024-11-06,2025-03-03,1802,2024-06-21
CV,,7,1057963034,NASDAQ,1001559,2024-06-10,2024-04-29,3947,2025-02-25
RU,197755,86260,1046430652,NYSE,1102673,2024-06-25,2024-10-20,3776,2024-04-22
IR,,3,1021255659,NASDAQ,1011530,2025-01-07,2025-01-06,4764,2024-03-26
PY,,26896,1035579520,NYSE,1042135,2025-01-13,2024-04-03,268,2024-09-12
BY,,3,1047474364,NASDAQ,1032157,2024-07-25,2024-11-20,934,2024-09-26
JP,421-3305,6,1024847186,NASDAQ,1091560,2024-08-23,2024-12-30,228,2024-10-20
AZ,,828,1071628456,NASDAQ,1055556,2025-02-02,2025-03-16,3536,2025-03-14
PH,6401,4788,1106256385,NASDAQ,1101869,2024-10-09,2024-11-13,4899,2025-01-27
EC,,8477,1017937984,NYSE,1008929,2024-12-24,2024-05-07,2616,2024-05-22
PL,05-090,7,1090629774,NASDAQ,1052207,2024-07-24,2024-09-01,2480,2024-11-16
RU,356423,87542,1092576342,NYSE,1072437,2024-05-27,2025-01-27,3983,2025-03-19
PT,7700-015,920,1080322458,NYSE,1071574,2024-04-13,2024-07-02,1552,2024-12-25
CN,,66087,1069297878,NASDAQ,1087450,2024-04-22,2025-01-03,2959,2024-12-08
BF,,9,1055852686,NYSE,1031184,2024-03-30,2024-10-27,4213,2024-05-15
ID,,18,1008494979,NASDAQ,1083964,2025-02-04,2024-04-12,2733,2025-03-15
BA,,1,1019997078,NYSE,1000367,2024-09-18,2025-03-02,4550,2024-10-21
BR,55920-000,92,1090274045,NYSE,1075208,2024-12-20,2025-01-26,1601,2025-02-11
BR,36000-000,80,1057814608,NASDAQ,1050853,2024-05-07,2024-10-02,255,2024-10-03
CN,,4,1013026434,NASDAQ,1002573,2025-02-03,2025-02-23,4667,2024-06-13
PE,,552,1026319331,NASDAQ,1058818,2024-11-24,2024-04-01,3318,2025-02-09
PS,,77,1086303327,NYSE,1089759,2025-03-03,2024-10-26,4184,2024-07-30
RU,412787,19,1070968495,NYSE,1085795,2024-06-14,2025-03-02,615,2024-07-15
US,34108,3369,1004305181,NYSE,1004083,2024-06-16,2024-09-16,1617,2025-01-16
PH,5417,0,1055431849,NYSE,1051886,2024-05-16,2024-05-03,482,2024-08-22
CN,,770,1032592601,NASDAQ,1056255,2025-03-17,2024-08-05,2645,2024-04-03
BW,,9833,1107204562,NASDAQ,1052670,2024-05-10,2024-06-15,2675,2024-08-22
RU,692438,58951,1016668037,NASDAQ,1101647,2024-07-17,2024-05-19,4908,2024-04-17
RU,429720,3072,1101661449,NYSE,1059443,2024-08-10,2024-05-04,947,2024-10-22
RU,368212,6533,1003336123,NASDAQ,1003988,2024-05-15,2024-11-19,765,2024-06-29
JP,999-8531,33072,1107394934,NYSE,1028330,2024-08-07,2024-11-29,2366,2025-01-08
BA,,49,1096206637,NYSE,1076106,2024-04-29,2025-02-09,1368,2024-05-18
BY,,63,1090285937,NYSE,1065639,2025-01-11,2024-06-29,4956,2024-11-27
CN,,2944,1107640622,NASDAQ,1053170,2025-01-28,2024-09-19,4063,2024-07-08
CN,,33,1001050214,NYSE,1049252,2024-05-23,2024-08-23,4783,2024-07-09
AR,3450,5,1012829217,NASDAQ,1038653,2024-05-09,2024-10-30,993,2025-01-12
BW,,13072,1104117289,NYSE,1031229,2024-08-24,2024-12-31,950,2024-12-21
UZ,,71,1013478616,NYSE,1028484,2024-12-28,2024-04-19,1425,2024-08-19
FR,84019 CEDEX 1,4383,1003165161,NYSE,1062592,2024-06-24,2024-07-25,4218,2024-05-27
CN,,616,1097311592,NYSE,1003859,2025-03-02,2024-07-20,1511,2024-07-05
ID,,521,1101356793,NYSE,1071672,2024-05-20,2024-06-28,318,2024-08-11
EC,,580,1023842354,NASDAQ,1102682,2024-08-16,2024-04-17,1123,2024-04-17
CN,,7087,1073085738,NASDAQ,1041600,2024-12-15,2024-10-05,2850,2024-06-09
SO,,8,1088117096,NASDAQ,1005271,2024-10-17,2024-08-19,1687,2024-09-11
CN,,17,1068012900,NASDAQ,1058669,2024-09-06,2024-09-16,2209,2024-07-08
PH,6718,2,1030762639,NASDAQ,1056202,2024-07-02,2024-08-13,4376,2024-06-05
ID,,8362,1005790643,NASDAQ,1037088,2024-04-07,2025-01-13,1101,2024-07-22
HR,53231,15,1102892462,NYSE,1021099,2024-04-28,2024-10-25,2305,2024-11-09
BD,7461,971,1009729664,NYSE,1078576,2024-05-22,2024-11-02,1776,2024-10-28
UA,,26573,1064493150,NASDAQ,1033789,2024-10-25,2025-01-10,2941,2024-09-22
PT,7780-460,953,1075350208,NYSE,1107075,2024-09-28,2025-02-16,3183,2024-12-06
CO,055038,489,1067322745,NYSE,1073794,2025-01-25,2025-03-01,1060,2025-03-20
ID,,331,1082872984,NYSE,1024262,2025-03-15,2024-10-20,2454,2024-05-06
PH,4230,8,1012784054,NYSE,1019732,2025-03-04,2024-08-21,222,2024-04-15
CH,3604,3284,1032420857,NYSE,1056679,2025-01-28,2024-11-06,595,2025-02-18
UA,,372,1012282377,NASDAQ,1001699,2024-11-20,2024-08-16,3227,2024-08-17
ID,,136,1039504215,NASDAQ,1041899,2024-07-13,2024-11-17,2001,2025-03-15
CN,,31,1012818489,NYSE,1014720,2024-12-06,2025-01-13,2401,2024-06-18
SY,,8964,1018642429,NYSE,1002723,2025-01-31,2024-05-28,2101,2024-04-19
RU,175320,60,1025507153,NASDAQ,1010932,2024-11-30,2025-02-17,711,2025-03-03
ID,,83290,1105015194,NASDAQ,1087397,2025-03-06,2024-05-12,2550,2024-05-29
ID,,6603,1107422522,NYSE,1044974,2024-10-30,2024-10-31,4922,2024-09-14
PT,2425-702,64727,1007532791,NYSE,1084169,2024-09-18,2024-09-02,3777,2024-12-24
CN,,39,1109513230,NASDAQ,1056283,2024-12-03,2024-10-10,1666,2024-10-30
CN,,000,1084142237,NASDAQ,1054160,2024-06-25,2024-08-22,3818,2024-05-29
CA,P3L,11,1100320501,NASDAQ,1044475,2024-07-05,2025-03-09,528,2024-05-05
KR,,97494,1057194286,NASDAQ,1108445,2024-08-24,2024-11-09,1004,2024-05-10
CN,,4132,1038908598,NYSE,1038081,2024-05-26,2024-10-04,4348,2024-06-11
CN,,10,1012975256,NASDAQ,1050245,2025-02-09,2024-06-22,1628,2024-07-23
CN,,18,1000540365,NYSE,1006109,2024-10-11,2024-04-07,2508,2024-06-09
UY,,28219,1096296988,NYSE,1026885,2024-11-20,2024-05-02,3624,2024-08-27
LS,,0230,1002132742,NASDAQ,1041541,2024-12-28,2024-05-05,1258,2024-12-04
PH,5013,38,1044109346,NASDAQ,1020937,2025-01-10,2025-02-20,3616,2024-12-15
MY,91117,5,1086481877,NASDAQ,1066519,2024-09-05,2024-08-02,2793,2024-11-11
CO,443049,51989,1050139867,NYSE,1072186,2024-05-27,2024-10-25,1486,2024-11-28
CN,,5123,1076821218,NASDAQ,1018529,2024-12-09,2024-06-03,3744,2024-09-29
SE,341 23,8254,1007609875,NASDAQ,1107785,2024-09-04,2025-01-03,1513,2025-01-31
ID,,1400,1041835887,NASDAQ,1048749,2025-03-10,2024-10-15,4255,2024-11-14
TZ,,1926,1050866452,NASDAQ,1074738,2025-03-19,2025-02-05,2856,2024-05-12
CN,,6,1082311846,NASDAQ,1107864,2024-08-31,2024-06-19,1930,2024-11-29
CN,,00551,1044656726,NASDAQ,1051735,2025-02-27,2025-01-19,2988,2025-03-10
RU,412620,22585,1049649005,NYSE,1087159,2024-09-19,2024-06-06,1135,2024-08-26
CN,,6,1050198656,NYSE,1005213,2024-06-03,2024-06-07,1371,2024-07-23
TZ,,943,1087173410,NASDAQ,1045567,2024-10-28,2024-04-19,4970,2024-07-02
CN,,26,1003644015,NASDAQ,1050652,2024-06-07,2025-01-19,1736,2024-08-12
CN,,78915,1101565474,NASDAQ,1074608,2024-11-18,2025-01-07,3220,2024-11-26
CN,,7788,1043162520,NASDAQ,1075557,2024-09-28,2024-08-09,3124,2025-01-20
RU,242030,5,1015699800,NASDAQ,1010130,2024-04-25,2024-05-28,1146,2025-01-04
HR,40323,223,1003144631,NASDAQ,1089674,2024-12-03,2025-02-17,1828,2024-08-05
PH,4419,58397,1028210838,NASDAQ,1057404,2024-06-05,2024-07-17,2700,2024-06-06
CN,,71333,1094151016,NYSE,1093421,2024-04-05,2024-06-04,2672,2024-04-14
CA,E4P,09,1051059472,NYSE,1076120,2024-10-28,2025-03-05,382,2024-10-31
CO,760050,883,1054131804,NASDAQ,1057196,2024-04-05,2024-12-13,3882,2024-03-31
CN,,26,1077618340,NASDAQ,1022734,2024-04-09,2024-12-19,2370,2024-05-05
ID,,2,1078091634,NYSE,1095753,2024-11-29,2024-07-26,3300,2024-04-12
YE,,82,1030041949,NASDAQ,1021508,2024-06-26,2024-06-21,1549,2024-08-06
ID,,2343,1023652588,NASDAQ,1020207,2024-12-16,2024-04-21,3869,2024-12-31
ID,,7,1059459529,NASDAQ,1061760,2024-11-12,2024-04-19,1343,2025-02-27
PH,5608,2610,1077554474,NASDAQ,1101799,2024-04-25,2024-12-14,2337,2024-06-10
MK,1440,64510,1038420750,NASDAQ,1022179,2024-06-14,2024-08-02,3909,2025-03-20
FR,10014 CEDEX,97909,1097672921,NASDAQ,1053623,2024-06-19,2024-03-30,587,2024-08-13
RU,366702,54,1022577158,NYSE,1048388,2024-07-04,2025-03-12,338,2024-05-07
CN,,89519,1057296005,NYSE,1064973,2024-06-12,2024-06-05,986,2024-05-02
ID,,84525,1071857683,NYSE,1034545,2024-09-10,2024-10-26,4783,2024-08-28
PT,3885-705,5,1079944212,NASDAQ,1029145,2025-01-04,2024-06-16,2598,2025-02-24
MY,10582,0848,1039420596,NYSE,1063877,2025-03-14,2024-06-29,4946,2024-06-09
PT,4640-107,271,1031483612,NYSE,1083828,2024-07-05,2025-01-22,303,2025-02-15
PL,62-330,6459,1088548383,NYSE,1020268,2024-10-15,2024-09-29,3889,2024-11-30
SE,694 24,4,1089968121,NASDAQ,1080307,2024-09-18,2024-04-26,3718,2024-08-16
NG,,1008,1097228357,NYSE,1059226,2024-05-31,2025-01-11,3007,2024-11-29
CN,,89,1036378125,NASDAQ,1034136,2024-07-31,2024-05-10,4697,2024-12-15
CN,,01276,1092848721,NASDAQ,1001797,2025-02-10,2024-08-31,1028,2024-05-22
RU,453839,9,1013779181,NASDAQ,1025595,2024-08-27,2024-06-14,4001,2025-03-23
GQ,,58,1108276411,NASDAQ,1025082,2024-11-23,2024-06-05,2358,2025-03-10
CA,H4S,991,1012092562,NASDAQ,1053392,2024-04-14,2024-09-11,1568,2024-12-11
ID,,44188,1063393892,NYSE,1016725,2024-10-22,2024-09-20,687,2024-05-03
GR,,80845,1092652740,NASDAQ,1028611,2024-06-24,2025-01-08,111,2024-10-22
LV,,6470,1009229623,NASDAQ,1010028,2024-11-07,2024-05-22,1261,2025-03-05
TR,45600,66784,1061535816,NYSE,1017802,2024-11-19,2024-09-01,1969,2024-05-04
SY,,45,1104861658,NYSE,1001742,2025-02-24,2025-02-11,4167,2024-04-14
ID,,33,1074158780,NASDAQ,1048794,2024-04-28,2024-10-03,4694,2024-09-22
RU,397100,31090,1022088299,NASDAQ,1005938,2025-01-14,2025-02-04,261,2024-12-05
ID,,15454,1022163142,NYSE,1021537,2024-06-16,2024-11-14,532,2024-05-17
AL,,70670,1044750869,NASDAQ,1040453,2024-06-19,2024-05-15,715,2024-06-02
HR,32249,8,1073649655,NASDAQ,1041324,2024-09-07,2024-11-02,3990,2024-05-12
AR,4550,728,1032861805,NYSE,1004489,2025-02-04,2024-12-03,4974,2025-01-08
TH,96130,89,1110755804,NYSE,1081521,2024-11-12,2025-02-14,1188,2024-08-25
RU,155101,62637,1085872597,NASDAQ,1043396,2024-11-07,2024-12-13,2648,2024-06-26
CN,,0243,1004157920,NYSE,1067102,2025-01-12,2024-10-04,2843,2024-12-21
CN,,94733,1003113873,NASDAQ,1105621,2025-03-08,2024-07-20,2054,2024-09-24
CN,,84,1107599343,NYSE,1020467,2024-07-07,2025-03-13,1700,2024-10-24
PE,,16702,1098510670,NYSE,1072689,2024-11-09,2024-06-04,4919,2024-10-31
YE,,581,1073152130,NASDAQ,1001957,2025-02-16,2024-09-16,2797,2024-11-27
BR,79540-000,4695,1035923653,NASDAQ,1016074,2024-12-22,2024-11-23,2656,2024-06-11
PE,,4141,1025641234,NYSE,1021949,2024-03-28,2024-07-31,4356,2024-05-28
AR,7240,7,1025152613,NYSE,1075885,2024-08-04,2024-10-12,3663,2025-03-24
ID,,61265,1078686151,NYSE,1076023,2025-01-14,2025-02-03,4750,2024-09-06
PH,4507,2404,1088033464,NYSE,1062007,2024-04-18,2024-07-22,4615,2024-10-08
CN,,36,1058212068,NYSE,1007943,2024-09-29,2024-12-29,865,2024-05-02
SE,577 92,74922,1067261720,NASDAQ,1070486,2025-01-12,2024-04-11,3440,2024-08-25
CM,,841,1073951254,NYSE,1052182,2025-01-02,2024-07-30,2311,2024-06-25
ES,25005,4810,1099424814,NASDAQ,1013101,2024-06-21,2024-09-04,557,2024-05-27
SE,433 68,7,1006901155,NYSE,1105772,2024-08-01,2024-06-05,4177,2024-05-26
AL,,12619,1064571733,NYSE,1083206,2024-05-30,2025-02-07,2739,2024-10-20
ID,,6,1087084375,NASDAQ,1050487,2024-10-04,2024-05-04,352,2024-12-29
PK,42001,65,1013573892,NYSE,1036026,2024-04-15,2024-09-07,2396,2025-02-12
US,68134,19,1049730388,NASDAQ,1022433,2024-08-16,2024-09-12,1199,2024-10-02
TW,,61337,1096314703,NASDAQ,1042142,2024-08-19,2024-08-22,3299,2024-12-06
CO,478067,2,1087757156,NYSE,1022229,2024-07-15,2024-07-31,4230,2024-07-31
CN,,67206,1071324474,NYSE,1018541,2024-06-14,2025-03-01,2271,2025-01-31
CA,J5B,20655,1039136215,NASDAQ,1010283,2024-04-25,2025-01-03,2843,2024-12-21
CN,,357,1096788600,NASDAQ,1080816,2024-03-26,2024-12-08,4645,2024-05-14
VN,,02,1047303561,NYSE,1100721,2024-05-03,2024-05-19,2164,2024-07-07
BR,65350-000,877,1030520655,NASDAQ,1022135,2024-10-29,2024-10-18,1982,2024-04-16
NG,,043,1011069028,NASDAQ,1003255,2024-04-20,2024-04-04,1404,2024-06-24
HR,32222,70,1087129780,NYSE,1107826,2024-11-27,2024-08-27,2667,2024-07-08
NL,3764,6500,1035450119,NASDAQ,1108073,2024-08-14,2024-12-21,772,2024-05-03
CN,,65995,1108649456,NYSE,1110196,2024-07-30,2024-09-23,1467,2025-01-23
RU,404436,0609,1035310501,NASDAQ,1021655,2024-08-15,2024-06-22,1992,2024-09-28
PE,,6606,1072793849,NYSE,1077152,2024-04-06,2025-02-17,1572,2025-03-03
CN,,36,1012498539,NYSE,1000341,2024-06-25,2024-06-11,1464,2025-02-13
RU,602204,5,1054632552,NASDAQ,1045906,2024-05-18,2024-11-11,3377,2024-07-06
ID,,382,1100266562,NYSE,1096061,2024-12-27,2024-06-21,470,2024-12-18
FR,49023 CEDEX 02,85481,1002296314,NASDAQ,1012616,2024-10-03,2025-01-16,3476,2024-07-08
BR,46880-000,699,1052906354,NYSE,1003058,2025-01-06,2024-03-30,772,2025-01-24
CA,B3H,7,1109367226,NASDAQ,1084377,2024-08-23,2024-10-07,2767,2024-08-21
PE,,437,1073128347,NASDAQ,1035093,2024-12-16,2024-05-10,3659,2024-09-25
PL,43-173,19873,1024342636,NASDAQ,1018373,2025-02-13,2024-10-01,4842,2025-02-23
RS,,21,1108071290,NYSE,1097870,2025-02-14,2024-08-22,1100,2024-12-24
PH,6207,44091,1016432909,NYSE,1023471,2024-07-28,2025-01-24,3703,2024-09-17
BR,37640-000,927,1022790808,NASDAQ,1059510,2024-10-28,2024-08-31,4436,2024-11-08
KZ,,85578,1072916676,NASDAQ,1056076,2024-05-09,2024-08-25,4868,2024-08-25
CN,,84,1108729149,NYSE,1071962,2024-11-29,2024-10-21,2581,2025-03-21
GR,,714,1032579527,NASDAQ,1072214,2024-11-25,2024-09-19,3900,2024-03-27
NZ,7142,3737,1094628081,NASDAQ,1104991,2025-01-10,2025-01-15,1141,2025-01-12
JP,959-1287,38,1084719280,NYSE,1026264,2024-11-11,2024-11-21,826,2024-12-30
AO,,18,1003694814,NYSE,1004641,2024-06-01,2025-01-24,3081,2024-06-22
PT,2080-381,564,1097714851,NASDAQ,1081360,2024-04-11,2025-01-04,3529,2024-09-16
CL,,6,1004292870,NASDAQ,1041554,2025-02-01,2024-05-24,3020,2024-06-04
PE,,63,1101897278,NYSE,1020752,2024-09-19,2024-05-23,1946,2024-11-10
RU,143912,91483,1037298883,NASDAQ,1078578,2024-12-05,2024-10-19,4193,2025-02-01
PH,2334,0,1001520725,NASDAQ,1096270,2024-10-22,2025-03-03,4752,2024-05-07
JP,739-0559,26,1082561740,NYSE,1049566,2024-09-19,2024-05-31,3173,2025-03-22
BR,83750-000,51799,1042130262,NYSE,1082211,2024-07-23,2024-12-27,1979,2025-03-04
PT,5120-105,19,1021513799,NASDAQ,1078524,2024-09-04,2025-02-07,650,2024-10-01
PH,7039,9908,1032856598,NASDAQ,1039040,2024-07-19,2024-08-17,3310,2025-01-20
CN,,2345,1076120638,NYSE,1039065,2025-02-15,2024-07-07,4803,2024-06-13
CN,,557,1069054597,NASDAQ,1052808,2024-12-22,2025-03-14,189,2024-09-08
US,80243,29,1013780760,NYSE,1015316,2025-02-23,2025-01-29,488,2024-07-25
ID,,18264,1033110709,NASDAQ,1079744,2024-05-31,2024-07-17,2216,2024-09-21
BR,85660-000,1,1071800390,NASDAQ,1027490,2025-02-11,2024-08-22,2026,2024-11-18
RU,456030,36562,1081110483,NASDAQ,1085463,2024-09-04,2024-12-08,2701,2024-10-02
CN,,3589,1033649299,NASDAQ,1093204,2024-12-10,2024-09-23,4454,2025-02-24
JP,957-0353,5183,1035220223,NYSE,1096189,2024-11-12,2025-03-12,1806,2024-05-21
CN,,8,1004761134,NASDAQ,1068480,2024-10-07,2024-09-25,2673,2024-06-02
MG,,25991,1048779441,NYSE,1044839,2024-10-13,2025-01-07,1342,2024-09-06
NZ,3382,029,1063371693,NASDAQ,1097763,2024-11-01,2024-11-11,699,2025-01-20
ID,,493,1029201821,NYSE,1051710,2024-09-20,2024-04-17,4842,2025-03-22
RU,456555,8898,1097797517,NYSE,1088382,2025-03-23,2024-05-18,618,2024-08-29
CZ,667 01,6,1095956701,NYSE,1014160,2024-07-05,2024-11-02,4740,2024-05-13
ID,,08,1090494294,NASDAQ,1108169,2024-07-11,2025-02-03,4402,2024-07-20
AT,8042,5,1003322486,NYSE,1037347,2025-03-21,2024-12-25,3394,2024-05-21
PH,3313,5182,1068502904,NYSE,1103582,2024-04-05,2024-06-26,487,2024-04-22
FR,20311 CEDEX 1,18,1092524057,NASDAQ,1052992,2024-03-31,2024-12-01,2642,2024-05-05
CN,,00,1100225140,NASDAQ,1086136,2025-02-16,2025-03-18,1961,2024-09-19
SY,,65,1020475497,NYSE,1072631,2024-10-09,2024-05-20,1221,2024-10-20
CM,,63638,1002280129,NASDAQ,1025062,2025-01-25,2024-05-12,3822,2024-09-15
AR,3332,88029,1095364668,NYSE,1036824,2024-03-28,2024-08-31,1906,2025-03-16
CN,,95331,1037880084,NASDAQ,1004423,2024-06-16,2025-03-18,1101,2024-12-23
AR,3374,1,1022422750,NASDAQ,1030286,2024-09-23,2024-11-18,2489,2025-01-16
US,49444,493,1067908109,NYSE,1002588,2024-07-01,2024-08-29,1139,2024-11-06
ID,,66418,1039916059,NASDAQ,1087801,2024-11-05,2024-10-27,2614,2024-06-08
CN,,82651,1019671318,NASDAQ,1100629,2024-10-07,2024-09-03,596,2024-07-15
HN,,7913,1069933590,NASDAQ,1039588,2025-01-27,2024-12-13,763,2024-12-11
PL,06-561,2,1074419153,NYSE,1028127,2024-05-15,2025-03-13,2066,2024-12-06
AM,,4,1068406973,NASDAQ,1106014,2024-10-09,2024-12-24,2121,2024-08-18
ID,,3264,1046841628,NASDAQ,1039099,2025-02-06,2025-03-07,3405,2024-12-20
BR,55500-000,8729,1014002669,NASDAQ,1021017,2024-05-19,2024-06-17,3782,2024-09-10
NO,9285,45142,1019460730,NASDAQ,1103734,2024-07-25,2024-04-22,645,2024-11-05
PK,37281,8574,1099447357,NYSE,1092811,2024-05-03,2024-04-12,132,2024-10-30
BF,,9894,1033477166,NYSE,1099725,2025-01-16,2024-06-24,924,2025-03-24
PA,,6378,1018624196,NYSE,1058503,2024-12-03,2024-07-01,1915,2024-11-11
BR,96910-000,5858,1022219374,NASDAQ,1077850,2024-04-25,2024-04-03,4299,2024-08-06
ID,,5,1044287530,NASDAQ,1088186,2024-06-30,2024-06-28,652,2024-12-25
GR,,78,1092779493,NASDAQ,1011796,2024-10-31,2024-05-09,1098,2024-03-26
GR,,57291,1058458200,NYSE,1014052,2024-06-29,2024-12-05,375,2024-06-21
BR,37900-000,87892,1074788138,NASDAQ,1071542,2024-09-20,2024-09-25,2738,2024-06-13
PK,67130,97961,1079398799,NASDAQ,1099911,2025-01-04,2024-04-30,1287,2024-09-01
PL,33-158,706,1077462615,NYSE,1016125,2024-06-08,2024-07-24,3245,2024-04-27
TH,67120,1320,1102679389,NASDAQ,1050656,2024-09-04,2024-07-18,3707,2025-02-02
GH,,202,1000906046,NASDAQ,1083881,2024-09-19,2024-11-03,3669,2024-11-22
SE,574 91,0386,1026381648,NYSE,1107157,2024-10-16,2024-08-17,3523,2024-08-28
ID,,196,1084222396,NYSE,1055888,2024-09-26,2024-06-17,2180,2024-06-02
CN,,12,1029759640,NYSE,1019198,2024-05-18,2024-11-09,4314,2024-07-01
FR,69639 CEDEX,36199,1006096508,NYSE,1102222,2024-05-14,2025-03-06,4094,2024-10-01
CN,,97485,1056351913,NASDAQ,1074930,2024-04-20,2024-06-23,1042,2024-05-20
MM,,45194,1082760595,NYSE,1088448,2024-12-06,2024-04-20,3660,2024-09-29
PH,2804,903,1025909677,NASDAQ,1101426,2024-04-18,2024-07-02,1868,2024-10-22
YE,,58434,1057560884,NYSE,1086733,2024-11-21,2025-03-13,3251,2025-02-04
CR,60105,139,1027484473,NYSE,1044234,2024-06-13,2025-02-01,1834,2024-05-05
PL,72-330,466,1004105849,NASDAQ,1077552,2024-07-27,2024-08-23,3261,2025-01-09
ID,,8,1071774873,NYSE,1011802,2024-06-28,2025-02-26,407,2024-12-31
AF,,3,1091426920,NASDAQ,1067666,2025-03-23,2024-11-15,336,2024-06-03
PE,,316,1074162114,NASDAQ,1044454,2025-03-06,2024-07-14,4363,2025-02-23
KR,,6,1092977352,NYSE,1106614,2024-12-31,2024-10-25,4480,2024-06-21
PE,,77391,1005561201,NASDAQ,1089842,2024-10-30,2024-08-12,4688,2024-10-28
FI,78900,69,1010460901,NYSE,1081574,2024-12-24,2024-10-05,2326,2025-02-25
US,32204,95529,1077784832,NYSE,1053459,2025-02-09,2024-05-21,2144,2024-10-26
CN,,7,1090881012,NYSE,1076851,2024-05-08,2024-08-18,4303,2024-09-05
PL,46-022,4830,1028226409,NASDAQ,1009546,2024-04-25,2024-12-31,2563,2024-11-16
FR,78280,683,1022226621,NYSE,1026254,2024-05-09,2024-05-27,1797,2025-01-15
PL,88-420,6741,1094233540,NYSE,1039307,2024-07-18,2025-03-12,3401,2025-01-08
CZ,503 03,3,1079650190,NASDAQ,1107174,2025-02-08,2024-06-13,2790,2024-12-02
ID,,7,1062560499,NASDAQ,1075215,2024-10-19,2024-11-21,3516,2025-01-16
GH,,7,1027251523,NASDAQ,1050294,2025-01-30,2024-07-28,2996,2024-08-28
ID,,739,1063523062,NASDAQ,1019891,2024-11-28,2025-01-02,752,2024-09-26
SE,332 37,13,1027462494,NYSE,1018206,2025-01-07,2024-09-25,2678,2024-05-10
PK,68220,6,1086334599,NYSE,1070399,2024-07-03,2024-12-31,2028,2024-11-30
RU,363759,9,1096165099,NASDAQ,1096915,2024-06-11,2025-01-09,586,2024-04-17
UG,,4289,1010641083,NYSE,1085377,2024-08-24,2025-02-05,1602,2024-08-19
CN,,35401,1064549063,NASDAQ,1099111,2024-09-21,2024-05-04,2300,2024-06-15
AL,,7,1071903332,NASDAQ,1039618,2024-08-12,2024-04-16,3866,2024-12-26
XK,,50,1065650252,NYSE,1052505,2024-09-08,2024-10-09,324,2024-05-04
RU,445359,31195,1046734602,NASDAQ,1048249,2024-12-12,2024-11-05,2614,2024-04-16
CA,N2E,432,1021784013,NYSE,1041570,2024-08-23,2025-01-15,4835,2024-11-23
RU,162222,8,1102337849,NASDAQ,1035374,2024-08-09,2024-09-11,195,2024-06-17
KR,,327,1003480197,NYSE,1062190,2024-08-29,2025-01-27,2753,2025-02-07
DO,11705,52,1047045120,NYSE,1050536,2025-03-22,2025-03-24,2667,2024-11-29
AM,,55,1058968406,NASDAQ,1042371,2024-05-20,2024-06-20,4911,2024-08-25
PL,12-102,0957,1072315021,NASDAQ,1058430,2024-12-06,2024-06-19,4809,2024-06-01
CN,,53352,1031620289,NASDAQ,1019222,2024-08-08,2024-04-14,313,2024-10-29
VE,,702,1056570417,NASDAQ,1047645,2024-05-25,2024-05-31,129,2024-09-12
PH,8118,26,1098558314,NASDAQ,1065576,2024-10-13,2024-05-25,3754,2024-11-06
CN,,745,1014259392,NYSE,1066824,2025-03-06,2024-05-07,1638,2025-01-29
YE,,91,1064687323,NYSE,1089494,2024-08-16,2024-04-06,2833,2024-05-23
MA,,0211,1099814416,NYSE,1109209,2024-08-01,2024-07-30,4830,2024-07-13
ZM,,3,1003534098,NASDAQ,1056440,2024-11-10,2024-12-20,1518,2024-12-27
ID,,12,1059230846,NYSE,1001464,2025-01-15,2024-04-01,3501,2024-12-23
IR,,8,1058155094,NASDAQ,1046879,2024-08-15,2024-06-17,3196,2024-08-13
PH,6202,5,1054022923,NYSE,1063627,2024-12-26,2024-07-30,2728,2024-05-16
LV,,53459,1050199521,NASDAQ,1016283,2024-04-01,2024-05-29,3550,2024-12-04
JP,610-0331,51182,1084863948,NYSE,1072561,2024-05-03,2024-12-25,1023,2025-01-05
US,94975,0,1014470134,NASDAQ,1060053,2024-04-10,2024-08-31,3137,2024-09-21
TH,10260,4,1073339745,NASDAQ,1075348,2024-07-15,2024-04-12,2283,2024-12-09
PE,,0408,1021738727,NYSE,1091009,2024-07-10,2024-10-03,3150,2024-08-08
AR,5561,92,1004269277,NASDAQ,1105062,2024-04-28,2024-09-20,3085,2025-02-19
ID,,8165,1053306004,NYSE,1002064,2025-03-10,2024-12-23,3672,2024-05-23
BR,78190-000,114,1104223494,NASDAQ,1075372,2024-04-18,2024-12-18,171,2025-01-17
SE,873 80,5165,1092885648,NYSE,1063212,2024-11-23,2024-12-01,3010,2024-06-10
KP,,0520,1054480157,NASDAQ,1089186,2025-01-16,2024-03-30,4826,2024-09-02
ID,,94,1057840723,NYSE,1097648,2024-11-29,2024-12-02,2093,2025-02-16
RU,368562,094,1015272284,NASDAQ,1098413,2025-03-06,2025-02-09,501,2024-07-28
GR,,9,1064976870,NYSE,1076297,2024-08-21,2024-09-17,3386,2024-04-26
PH,5035,575,1066660838,NYSE,1029843,2024-05-02,2024-12-04,2842,2025-03-19
KZ,,5,1033917775,NYSE,1011623,2024-06-29,2025-01-11,2003,2025-01-03
IQ,,36,1016215014,NYSE,1003129,2025-01-30,2025-01-31,3767,2024-08-12
JM,,71,1043205061,NASDAQ,1018849,2024-12-27,2024-05-13,1239,2024-08-07
MX,47670,8452,1030073939,NYSE,1062480,2024-10-19,2024-09-17,2643,2024-11-26
MG,,3,1004624726,NASDAQ,1002256,2024-12-03,2024-12-09,2020,2024-07-31
CN,,62,1055194698,NYSE,1002175,2024-10-29,2024-10-29,445,2024-04-11
AR,3364,013,1110832245,NASDAQ,1098830,2024-09-06,2024-06-28,3267,2024-09-06
HR,32283,61668,1096203949,NYSE,1042617,2024-11-17,2024-10-08,600,2024-04-26
FR,42809 CEDEX,6091,1015736846,NYSE,1029600,2024-07-31,2024-07-21,1922,2024-10-25
CN,,673,1002852436,NASDAQ,1109187,2024-06-22,2025-03-12,4999,2024-07-11
GR,,6529,1085266058,NASDAQ,1053146,2025-01-26,2024-04-01,1693,2024-05-05
VE,,16,1001315691,NYSE,1041044,2024-08-10,2024-06-06,4512,2024-12-30
TH,44110,8,1014934029,NASDAQ,1016231,2024-07-05,2024-05-09,2723,2024-08-01
BR,19470-000,3945,1036396403,NYSE,1051056,2024-07-08,2024-05-23,2758,2024-12-04
CO,191569,82171,1031392512,NASDAQ,1080823,2025-01-09,2024-04-24,473,2025-01-21
ID,,28,1028570942,NYSE,1062833,2024-12-24,2024-06-07,3857,2025-03-23
CN,,1,1090627360,NYSE,1018929,2025-01-02,2024-04-29,3485,2024-12-13
PH,2725,05,1060494115,NASDAQ,1072475,2025-03-22,2024-08-21,4591,2024-05-30
CN,,91369,1011511964,NYSE,1024275,2024-12-12,2024-12-22,2834,2025-02-03
US,15250,76268,1102115353,NYSE,1069131,2024-10-01,2024-12-16,4143,2025-03-13
PE,,56474,1051572708,NASDAQ,1054013,2024-04-22,2024-05-14,3019,2024-05-29
CN,,2136,1097054525,NASDAQ,1075820,2024-08-07,2025-02-18,4480,2024-09-19
RU,184606,2,1094622458,NYSE,1014676,2024-07-27,2025-01-26,1341,2024-04-07
ID,,5,1045405638,NASDAQ,1078547,2024-04-12,2024-06-21,1451,2024-08-01
EC,,2766,1018670655,NASDAQ,1061306,2025-02-07,2024-03-26,3221,2024-08-19
BW,,92123,1079640232,NYSE,1032274,2024-07-13,2025-02-16,1630,2024-07-21
AF,,0,1024852459,NASDAQ,1049722,2025-02-17,2024-11-08,4963,2024-06-28
MX,56030,4934,1073615439,NYSE,1108460,2024-11-15,2024-06-04,2949,2025-02-01
CN,,231,1045118893,NASDAQ,1048771,2024-06-27,2025-01-16,1303,2024-11-05
ID,,07,1035681562,NASDAQ,1101680,2024-10-15,2024-09-21,4689,2024-11-25
BR,89280-000,8,1055256212,NYSE,1101350,2025-01-11,2024-08-23,2369,2024-08-13
BR,37810-000,3505,1079500513,NYSE,1030726,2025-03-01,2024-11-13,2875,2024-06-10
VN,,21,1110445017,NASDAQ,1027503,2024-11-14,2025-03-08,3551,2024-05-18
PH,3200,65,1109399856,NASDAQ,1062547,2025-02-21,2025-03-05,3111,2025-03-21
RU,404170,15584,1024407244,NYSE,1037697,2025-03-03,2025-02-12,4380,2024-05-03
TH,96120,5925,1054605991,NYSE,1011577,2024-12-01,2024-06-06,4994,2024-12-19
ID,,58428,1017935750,NASDAQ,1046868,2024-06-13,2024-04-06,1097,2024-10-24
CD,,36636,1053210021,NYSE,1075037,2025-01-18,2025-01-15,3304,2024-07-22
ID,,9682,1040885500,NASDAQ,1073030,2025-02-08,2024-05-03,4363,2024-12-13
AR,5120,22,1004304902,NASDAQ,1110013,2024-05-21,2024-12-01,2426,2024-07-24
RU,412378,4,1048705756,NYSE,1095030,2025-02-10,2024-09-23,3074,2024-12-18
UG,,3,1044527901,NASDAQ,1008083,2025-01-24,2024-05-11,468,2024-05-30
PH,5103,191,1035012198,NYSE,1091798,2025-02-25,2024-05-18,1165,2024-07-07
RU,625999,5133,1008498279,NASDAQ,1068562,2024-11-16,2024-05-10,1949,2024-07-31
PH,9206,83413,1075330115,NASDAQ,1022248,2024-12-20,2025-01-31,4223,2024-07-07
PH,2008,856,1024832140,NASDAQ,1088154,2024-10-30,2025-01-11,1487,2024-11-23
YE,,5706,1005816713,NASDAQ,1059877,2024-09-09,2025-01-16,1836,2024-10-04
PL,32-503,7,1049013434,NASDAQ,1058632,2024-11-07,2024-12-13,2752,2024-11-13
MN,,4,1095278120,NASDAQ,1101359,2024-04-28,2024-10-02,2368,2025-02-15
AR,3701,03,1099946388,NYSE,1082972,2025-03-05,2024-04-24,1847,2024-03-28
RU,607340,8,1069575702,NYSE,1007853,2025-02-23,2025-01-04,720,2024-04-05
LK,32308,807,1025164933,NASDAQ,1064558,2024-10-01,2024-12-16,4239,2025-03-22
PE,,7308,1044861428,NYSE,1082837,2024-06-25,2024-12-25,386,2025-01-08
SE,682 33,470,1096933377,NASDAQ,1034905,2024-12-03,2025-03-14,4946,2024-10-02
CN,,8,1025595672,NASDAQ,1015189,2025-03-17,2024-12-22,2325,2024-09-02
PH,2109,0,1055063283,NYSE,1068093,2024-08-29,2024-07-20,2052,2024-06-05
ID,,9295,1024836330,NASDAQ,1109493,2025-01-20,2024-12-23,4871,2024-06-28
ID,,06,1015754483,NASDAQ,1016012,2024-09-23,2024-10-21,3746,2024-04-06
PH,4336,83070,1101093961,NASDAQ,1005706,2024-07-31,2025-03-06,3881,2024-04-27
PH,6719,7,1083271491,NYSE,1014794,2025-01-28,2024-10-21,1704,2024-11-23
CA,T9N,07095,1052838349,NASDAQ,1020780,2024-05-20,2025-03-17,1678,2024-07-04
PT,4620-400,7412,1029917452,NYSE,1053369,2024-08-14,2025-01-22,545,2024-04-03
CN,,5491,1018899615,NASDAQ,1039618,2025-03-19,2025-01-07,3968,2025-03-13
VN,,9,1061923369,NASDAQ,1071349,2024-06-22,2024-08-17,2638,2024-04-24
CL,,41209,1098551774,NASDAQ,1081338,2024-08-22,2024-04-15,520,2024-05-21
RU,242622,6,1078946454,NYSE,1067071,2024-04-15,2024-09-21,3745,2024-04-14
BR,88000-000,96,1094948858,NYSE,1037563,2024-08-29,2025-03-06,1234,2025-01-15
AF,,3071,1077716363,NYSE,1060486,2024-09-01,2024-07-03,3786,2024-08-09
SE,262 65,7,1103738292,NASDAQ,1016364,2024-08-15,2024-10-28,1808,2024-06-12
CN,,600,1022924439,NYSE,1077640,2024-12-24,2024-04-05,1534,2024-03-27
ID,,329,1094120462,NYSE,1068378,2024-09-08,2024-08-04,1690,2024-10-22
FI,68660,83824,1086449722,NASDAQ,1093953,2024-04-21,2024-04-10,482,2024-12-05
UA,,309,1103983364,NASDAQ,1049170,2025-01-07,2024-07-17,1364,2024-04-04
MA,,04,1069654504,NASDAQ,1035110,2024-11-01,2024-09-13,1549,2024-07-10
ID,,00,1083707649,NYSE,1004188,2025-01-28,2024-06-27,4153,2024-05-22
GB,LE16,01,1016432818,NASDAQ,1105262,2024-09-13,2024-04-12,3446,2024-04-15
PL,14-521,03,1091225597,NASDAQ,1059105,2024-07-14,2024-08-08,2924,2024-05-21
JP,492-8204,09596,1011141292,NYSE,1026195,2025-03-09,2024-06-29,1411,2025-01-24
JP,157-0067,5,1009622217,NYSE,1088398,2025-03-10,2024-05-22,578,2024-06-07
CN,,19018,1004701875,NASDAQ,1022539,2024-10-25,2024-11-17,2754,2024-12-27
VN,,30,1090737911,NASDAQ,1081059,2024-06-26,2024-11-17,4506,2024-05-19
UA,,45884,1059429420,NYSE,1019130,2024-10-29,2025-03-13,2964,2024-07-20
HN,,278,1053199260,NASDAQ,1052256,2024-05-30,2024-12-21,4125,2024-06-18
PH,1235,3,1108204427,NYSE,1040021,2024-06-20,2025-01-20,3057,2024-09-05
RU,606771,2725,1034308631,NASDAQ,1097377,2025-02-08,2024-09-12,159,2025-02-26
PL,93-524,37544,1011059300,NASDAQ,1082827,2024-08-30,2025-01-23,2164,2024-10-03
TH,83120,46394,1107740439,NYSE,1045036,2025-02-08,2025-03-20,3322,2024-07-23
PE,,3,1026040759,NYSE,1078158,2024-10-25,2024-12-28,910,2024-12-28
ID,,1,1059674906,NYSE,1017360,2025-02-04,2024-04-02,3910,2024-05-17
ID,,9,1065208611,NYSE,1044513,2024-09-15,2024-07-26,3834,2024-08-22
PL,05-205,07,1047083200,NYSE,1076779,2024-06-14,2025-03-10,2309,2024-05-04
PE,,72,1104137423,NASDAQ,1067980,2025-03-12,2024-11-20,967,2024-12-23
DO,10215,823,1105811271,NYSE,1100445,2024-11-23,2025-02-28,2957,2024-07-23
CN,,33930,1110817336,NASDAQ,1079834,2024-06-17,2024-08-10,2690,2024-09-12
ID,,33901,1051849830,NYSE,1033850,2024-08-01,2024-12-24,4760,2025-01-13
PE,,69,1084069164,NASDAQ,1050959,2025-02-15,2024-10-13,3323,2025-03-12
FR,44159 CEDEX,28,1046950270,NYSE,1084657,2025-02-12,2024-08-17,381,2024-06-17
SE,232 91,933,1061653463,NASDAQ,1024439,2024-04-30,2024-06-03,4485,2024-08-27
ID,,6572,1039988105,NYSE,1089786,2024-06-17,2025-02-08,438,2025-01-21
ID,,96856,1077329263,NASDAQ,1011366,2024-05-23,2024-06-16,4184,2024-08-19
JP,869-5604,65097,1079152335,NASDAQ,1067330,2024-09-09,2024-08-16,4699,2025-03-09
PL,68-132,95624,1059793839,NASDAQ,1009644,2024-07-04,2025-03-04,2042,2024-09-05
CN,,4,1036208441,NYSE,1086797,2024-11-27,2024-04-30,2029,2024-08-28
GT,04011,76,1029516067,NYSE,1075516,2024-09-08,2024-12-29,1608,2024-07-01
RU,142817,69,1086784575,NASDAQ,1103229,2024-10-23,2024-08-13,4321,2024-12-12
JP,506-2118,6149,1106163321,NYSE,1063476,2024-12-30,2024-12-25,2102,2024-12-04
CN,,90564,1080934094,NASDAQ,1066390,2024-04-22,2025-01-11,2571,2024-07-05
IR,,971,1044633605,NASDAQ,1023585,2025-02-01,2024-06-29,4028,2024-07-13
UG,,0,1090440591,NYSE,1043408,2024-10-04,2025-03-01,3732,2024-10-02
PK,29051,395,1007972694,NYSE,1021087,2024-04-18,2024-10-17,2956,2024-05-11
IR,,24,1107126569,NYSE,1014588,2025-01-16,2024-08-12,4727,2024-11-05
CU,,2,1049875642,NYSE,1037171,2024-10-26,2025-02-21,4359,2024-09-05
CN,,0,1004709073,NASDAQ,1033309,2024-12-16,2024-07-21,1726,2024-03-29
PK,33001,88239,1032082520,NASDAQ,1051287,2024-06-21,2024-12-12,449,2025-02-11
PT,2970-303,816,1066708839,NASDAQ,1071465,2025-01-02,2024-10-08,1514,2024-03-29
FR,27022 CEDEX,6411,1056018623,NASDAQ,1010249,2024-06-20,2024-05-25,949,2024-04-25
UA,,95468,1089651813,NYSE,1102564,2024-07-01,2024-06-07,1100,2024-03-27
UA,,70811,1031412020,NASDAQ,1096449,2024-05-17,2024-08-29,2676,2025-01-31
PT,2430-620,71,1058608902,NASDAQ,1025838,2024-05-25,2024-09-22,2788,2025-01-05
RU,353144,25,1086939199,NYSE,1045670,2024-07-27,2024-05-19,2868,2024-11-09
HR,49250,12923,1086107313,NASDAQ,1077483,2024-12-31,2024-08-16,176,2024-12-16
PH,6217,13,1075020305,NASDAQ,1074071,2024-11-29,2024-07-10,284,2024-12-18
ID,,165,1033551931,NYSE,1100508,2024-11-22,2025-01-02,3214,2025-01-09
TZ,,0,1017930692,NYSE,1013366,2024-05-22,2024-06-24,1047,2025-02-01
PT,2530-254,7211,1049259931,NASDAQ,1044987,2024-11-15,2024-11-19,823,2024-09-14
CN,,946,1007038035,NASDAQ,1019636,2024-11-09,2024-06-23,3380,2024-06-24
KZ,,5,1034993426,NYSE,1069301,2024-10-14,2024-08-21,142,2024-12-22
ID,,4,1006647299,NYSE,1012277,2024-07-03,2025-01-08,1604,2024-12-27
KM,,60,1060980978,NYSE,1048606,2024-08-05,2024-11-24,827,2024-07-23
CN,,3158,1108522049,NASDAQ,1052773,2024-11-15,2025-01-02,1154,2024-08-02
PH,3114,56903,1109657050,NYSE,1033639,2024-07-04,2024-11-01,2095,2024-09-15
CA,N5H,5873,1000998172,NASDAQ,1009341,2024-09-11,2024-07-29,1416,2024-04-25
ID,,5,1030406216,NYSE,1003702,2024-10-30,2024-07-24,4380,2024-05-24
CZ,549 54,1308,1025508334,NYSE,1097583,2025-02-09,2024-12-05,523,2024-07-19
CL,,1,1041624318,NYSE,1016473,2024-11-26,2025-01-13,1153,2024-10-27
US,46857,5557,1060924734,NYSE,1097018,2025-01-22,2025-01-03,1125,2024-08-20
DO,11005,3826,1023978595,NYSE,1038289,2024-04-18,2025-03-12,293,2024-05-12
GR,,18,1106207279,NASDAQ,1077276,2025-02-08,2024-08-13,3196,2024-05-12
PH,6313,0,1030260250,NASDAQ,1084156,2024-08-26,2024-04-14,3543,2024-12-10
JP,579-8066,93578,1110722255,NYSE,1007350,2024-05-14,2025-03-20,4370,2025-02-24
LV,,41648,1066464452,NASDAQ,1009172,2024-07-14,2024-11-17,687,2025-01-22
US,08650,4,1094129462,NASDAQ,1011074,2024-10-06,2025-02-19,3940,2024-11-11
CN,,4,1009921642,NYSE,1011677,2024-08-27,2024-05-14,1898,2024-12-10
CN,,46,1094832375,NASDAQ,1085370,2025-02-17,2024-08-13,269,2024-11-15
TH,11130,8758,1071736362,NASDAQ,1009246,2024-04-11,2025-01-26,3655,2024-07-04
BR,49514-000,929,1039618805,NASDAQ,1004951,2024-11-20,2024-07-11,1007,2025-02-01
CN,,5,1075326949,NYSE,1046453,2024-07-03,2024-12-12,3056,2024-10-02
PS,,65,1034047460,NASDAQ,1105294,2024-11-06,2024-11-07,3840,2024-10-10
SI,1358,4677,1081452987,NASDAQ,1070652,2024-04-26,2025-03-12,4994,2024-04-01
RU,659029,76010,1109660353,NASDAQ,1092228,2024-04-17,2025-03-17,4127,2024-04-08
KR,,6047,1024525701,NASDAQ,1000841,2024-04-12,2024-04-14,4904,2024-10-18
RU,301259,7503,1094658739,NYSE,1019431,2025-03-06,2024-11-11,1961,2024-06-17
HT,,16,1066055529,NYSE,1015132,2024-12-16,2024-11-17,3878,2024-08-22
FR,77304 CEDEX,6920,1013275758,NASDAQ,1026892,2024-10-08,2024-10-12,156,2024-12-11
AR,2500,798,1095488981,NYSE,1040361,2024-07-26,2025-02-17,3288,2024-06-01
KG,,81,1001410273,NASDAQ,1050190,2025-02-27,2024-07-11,3226,2024-10-05
JP,890-0073,2,1038714734,NYSE,1070905,2024-11-29,2024-08-08,137,2024-06-27
CN,,18614,1029248569,NYSE,1061054,2024-04-15,2024-03-29,1383,2024-07-13
BG,3500,93,1104207780,NASDAQ,1001325,2024-10-16,2024-07-24,4543,2025-01-10
FI,27860,18,1090425695,NYSE,1095358,2024-10-11,2024-10-04,3754,2024-04-28
CN,,362,1099936317,NASDAQ,1109081,2024-11-09,2024-11-16,804,2024-12-05
CN,,0830,1019508797,NYSE,1020390,2024-09-26,2024-04-15,1130,2024-04-04
KH,,3847,1050462440,NYSE,1074437,2024-08-25,2025-03-09,2715,2024-05-20
CN,,7,1004198937,NASDAQ,1048126,2024-07-28,2024-11-23,3739,2025-03-19
US,27415,281,1019089757,NYSE,1019874,2025-02-05,2024-03-30,3508,2024-07-19
LA,,63,1016073865,NASDAQ,1041209,2024-06-08,2024-12-01,1022,2024-11-26
ID,,528,1081039351,NYSE,1049972,2024-11-22,2024-11-20,1615,2024-12-19
GQ,,5,1109451699,NYSE,1057091,2024-05-10,2024-12-22,3449,2024-06-18
UA,,2119,1057457647,NYSE,1072899,2024-05-28,2024-08-20,201,2024-09-20
CN,,3,1048247867,NYSE,1001957,2024-07-10,2024-11-26,3781,2024-11-21
ZM,,79730,1049334137,NASDAQ,1058539,2025-02-12,2024-04-05,2516,2024-05-17
UY,,54361,1000461791,NASDAQ,1019512,2024-12-11,2024-05-07,4061,2025-01-26
PT,2580-444,272,1067552506,NYSE,1035833,2024-10-26,2024-11-07,2829,2025-02-07
CN,,56,1085563945,NASDAQ,1071132,2025-01-20,2025-01-10,1690,2024-05-21
ID,,12,1084234477,NYSE,1092331,2025-03-07,2024-05-05,2337,2024-07-09
AU,5889,6,1032466699,NYSE,1036129,2025-02-26,2024-09-19,980,2025-03-07
AL,,601,1052692760,NYSE,1048678,2025-03-14,2024-12-26,4055,2024-12-20
NE,,3,1058901250,NYSE,1011980,2024-07-27,2024-04-19,4944,2024-11-03
SE,451 61,028,1069823689,NASDAQ,1080807,2025-02-09,2025-02-10,1256,2024-08-22
ET,,1545,1004994581,NASDAQ,1000739,2025-03-13,2024-12-22,420,2024-10-03
CN,,330,1110110777,NASDAQ,1104638,2024-11-27,2024-06-10,2752,2024-09-08
CN,,55991,1045699054,NASDAQ,1034209,2024-10-18,2024-09-14,4171,2024-04-13
BR,76310-000,72,1004298228,NASDAQ,1011966,2024-09-04,2024-11-14,4234,2024-11-17
PT,5350-064,2088,1068655956,NASDAQ,1071278,2024-04-04,2024-06-04,3424,2025-02-08
SE,126 31,62,1011940094,NYSE,1011942,2024-11-29,2024-04-19,2858,2024-06-17
ID,,6632,1002089279,NASDAQ,1077014,2024-12-05,2024-08-06,1016,2025-01-04
AR,5164,051,1046655858,NASDAQ,1103681,2025-03-18,2024-07-02,4463,2024-04-17
KZ,,20057,1097217860,NYSE,1018108,2025-03-11,2024-05-17,1509,2024-04-03
RU,249026,68,1105664419,NYSE,1102641,2024-10-29,2024-10-04,2820,2024-03-29
AM,,6,1003181030,NASDAQ,1053567,2025-02-22,2024-05-05,1197,2025-02-06
CN,,983,1025264796,NASDAQ,1044121,2024-09-07,2025-02-10,3773,2024-03-31
VE,,211,1038301658,NASDAQ,1025584,2024-11-25,2024-06-05,4112,2025-02-16
RU,692425,0443,1074284476,NASDAQ,1056572,2024-04-28,2024-04-08,2000,2024-10-03
RU,143912,82324,1093280119,NYSE,1099126,2024-10-07,2024-11-26,1843,2024-09-09
ID,,8534,1107511163,NYSE,1101967,2024-07-04,2025-01-28,3061,2024-09-20
PL,83-120,3384,1028417451,NYSE,1053691,2024-05-08,2024-07-29,2598,2024-03-30
SE,973 29,9676,1033093547,NYSE,1004687,2024-06-25,2025-02-10,2983,2025-03-19
CZ,678 01,43,1059754344,NASDAQ,1043871,2024-08-17,2024-04-10,4853,2024-06-02
BR,38250-000,86,1070275085,NYSE,1090809,2024-04-30,2024-09-08,1176,2024-05-30
NG,,3,1022767214,NASDAQ,1042861,2024-10-25,2025-03-13,2868,2024-05-04
CN,,9,1016827139,NYSE,1092319,2024-11-11,2025-03-23,1431,2025-01-21
NP,,754,1110289606,NYSE,1044492,2024-08-13,2024-06-07,4773,2024-07-25
CN,,7894,1030187846,NYSE,1081633,2025-03-23,2025-01-16,4737,2025-03-14
PY,,1419,1011484485,NYSE,1090589,2024-06-15,2025-03-15,2264,2024-11-23
CR,60112,25,1032445009,NYSE,1007411,2025-02-27,2024-11-17,1352,2024-10-03
SK,841 08,5856,1036755990,NASDAQ,1098180,2025-02-20,2025-01-01,905,2024-10-06
CN,,3379,1057855907,NYSE,1059494,2024-12-10,2024-12-13,3930,2024-12-23
BA,,33,1040792308,NASDAQ,1097943,2024-06-13,2025-01-01,1935,2024-09-20
RU,393925,6,1074255078,NYSE,1042146,2024-09-18,2024-08-30,4098,2025-01-16
AR,4753,483,1075450097,NASDAQ,1072553,2025-02-18,2024-09-05,4653,2025-03-15
MD,MD-4112,751,1035968795,NYSE,1072694,2024-04-08,2024-12-04,4498,2024-10-08
ID,,54931,1020717880,NASDAQ,1099032,2024-12-01,2024-06-15,3068,2024-06-04
GT,19009,312,1062361043,NYSE,1071552,2025-01-23,2024-06-28,1071,2024-10-30
PK,55000,359,1014093892,NASDAQ,1093970,2025-01-20,2024-03-28,282,2024-09-28
CN,,26,1015507528,NYSE,1101994,2024-11-06,2024-06-14,3009,2025-01-14
RU,393925,739,1092949444,NASDAQ,1071390,2024-11-25,2024-10-11,688,2025-02-18
MX,96684,75,1005466366,NYSE,1079748,2024-11-17,2024-05-26,3705,2025-02-13
PH,3803,9817,1064169057,NASDAQ,1057210,2024-04-02,2024-07-12,398,2024-05-15
CN,,3,1068717008,NASDAQ,1030951,2024-08-22,2024-12-06,3459,2025-01-19
CN,,7,1036596927,NYSE,1039598,2025-03-02,2024-09-25,4013,2025-01-16
CZ,688 01,40642,1007951180,NASDAQ,1055776,2025-03-12,2025-03-07,2010,2024-12-20
ID,,24,1070396396,NYSE,1098366,2024-04-03,2024-10-09,567,2024-08-18
BA,,4506,1003933007,NASDAQ,1016374,2024-08-16,2025-02-07,3204,2024-06-27
PH,6419,79975,1022170031,NYSE,1078412,2025-02-14,2024-08-16,4514,2024-10-07
LS,,95545,1043001963,NYSE,1085242,2024-11-24,2024-04-01,4509,2024-08-16
ID,,77228,1049633986,NYSE,1002667,2024-08-01,2024-07-27,4007,2024-06-05
